Handle,Title_en,Title_da,Type,Tags,Variant Price,Image Src,Taste,Percentage,Description_en,Description_da
companero-ron-gran-reserva-nbsp-40-3-l,Compañero Ron Gran Reserva 40% 3 l.,Compañero Ron Gran Reserva 40% 3 l.,rom,"Last Bottle, Nyheder, rom",1250.00,https://cdn.shopify.com/s/files/1/0594/5098/2590/files/IMG-3496.heic?v=1731871734,Sweet and Spicy with hints of caramel and vanilla,40.0,A smooth and rich rum with a complex flavor profile.,En glat og rig rom med en kompleks smagsprofil.
companero-ron-gran-reserva,Compañero Ron Gran Reserva,Compañero Ron Gran Reserva,rom,"Nyheder, rom",360.00,https://cdn.shopify.com/s/files/1/0594/5098/2590/files/B1E72858-10D3-49EB-AF07-228F24B0749B.jpg?v=1731871316,"Sweet, Vanilla, Tropical Fruits",40.0,Compañero Ron Gran Reserva is a rich and smooth rum with notes of sweetness and tropical fruits.,Compañero Ron Gran Reserva er en rig og glat rom med noter af sødme og tropiske frugter.
bivrost-yggdrasil-2024-46-0-5-l,Bivrost Yggdrasil 2024 46% 0.5 l.,"Bivrost Yggdrasil 2024 46% 0,5 l.",whisky,"Nyheder, sherry, whisky, World whisky",645.00,https://cdn.shopify.com/s/files/1/0594/5098/2590/files/IMG-3489.png?v=1731518848,Smooth with a hint of oak and vanilla,46.0,Bivrost Yggdrasil is a smooth whisky with oak and vanilla notes.,Bivrost Yggdrasil er en glat whisky med noter af egetræ og vanilje.
maclean-s-nose-46,Maclean's Nose 46%,Macleans Næse 46%,whisky,"Blend, Blended whisky, Nyheder, sherry, whisky",300.00,https://cdn.shopify.com/s/files/1/0594/5098/2590/files/IMG-3418.heic?v=1730536289,Fruity and Spicy,46.0,Maclean's Nose is a smooth whisky with fruity and spicy notes.,Maclean's Nose er en glat whisky med frugtagtig og krydret smag.
stekkjastaur-sall-jule-whisky-50,STEKKJASTAUR Christmas Whisky 50%,STEKKJASTAUR Jule Whisky 50%,whisky,"Danske aftapninger, Last Bottle, Nyheder, whisky",595.00,https://cdn.shopify.com/s/files/1/0594/5098/2590/files/033F6090-BE6B-40AB-8B0F-B3D52D9AAD80.jpg?v=1731004951,Rich and smooth with notes of caramel and oak,50.0,STEKKJASTAUR is a festive Christmas whisky with a rich and smooth character.,STEKKJASTAUR er en festlig julewhisky med en rig og glat karakter.
sall-whisky-2024-57-4,Sall Whisky 2024 57.4%,"Sall Whisky 2024 57,4%",whisky,"Danske aftapninger, Nyheder, whisky",595.00,https://cdn.shopify.com/s/files/1/0594/5098/2590/files/IMG-3394.heic?v=1730387963,Smooth and malty with hints of oak and spice,57.4,Sall Whisky 2024 is a bold and flavorful spirit with a robust alcohol content.,Sall Whisky 2024 er en kraftfuld og smagfuld spiritus med et robust alkoholindhold.
glen-elgin-2008-13-ar-55-8-adelphi,"Glen Elgin 2008 13 Years 55.8%, Adelphi","Glen Elgin 2008 13 År 55,8%, Adelphi",whisky,"Nyheder, Speyside, whisky",800.00,https://cdn.shopify.com/s/files/1/0594/5098/2590/files/9435D9B2-2CE3-42F9-8341-127026278A03.jpg?v=1730129764,Fruity and malty with hints of oak and spice.,55.8,"Glen Elgin 2008 is a robust whisky aged for 13 years, showcasing a rich and fruity character.","Glen Elgin 2008 er en kraftig whisky, der er lagret i 13 år og viser en rig og frugtig karakter."
blair-athol-2011-2024-58-3-13-ar-adelphi-selection,Blair Athol 2011/2024 58.3% 13 Years Adelphi Selection,"Blair Athol 2011/2024 58,3% 13 År Adelphi Selection",,"Highland, Nyheder, whisky",900.00,https://cdn.shopify.com/s/files/1/0594/5098/2590/files/IMG-3369.heic?v=1730129244,Rich and fruity with hints of spice,58.3,A robust single malt with deep flavors and a long finish.,En kraftfuld single malt med dybe smagsnuancer og en lang eftersmag.
high-coast-2013-10-ar-57-1-adelphi-selection,High Coast 2013 10 Years 57.1% Adelphi Selection,"High Coast 2013 10 År 57,1% Adelphi Selection",whisky,"Nyheder, sherry, whisky, World whisky",1075.00,https://cdn.shopify.com/s/files/1/0594/5098/2590/files/IMG-3367.heic?v=1730128828,Rich and complex with notes of fruit and oak,57.1,"High Coast 2013 is a 10-year-old whisky with a bold 57.1% ABV, offering a rich and complex flavor profile.","High Coast 2013 er en 10-år gammel whisky med en stærk alkoholprocent på 57,1%, der tilbyder en rig og kompleks smagsprofil."
teaninich-2014-2024-adelphi-selection-10-ar-single-malt-scotch-whisky-58-3,Teaninich 2014/2024 Adelphi Selection 10 Year Old Single Malt Scotch Whisky 58.3%,"Teaninich 2014/2024 Adelphi Selection 10 År Gammel Single Malt Scotch Whisky 58,3%",whisky,"Highland, Nyheder, sherry, whisky",800.00,https://cdn.shopify.com/s/files/1/0594/5098/2590/files/IMG-3374.heic?v=1730128140,Fruity and malty with hints of spice,58.3,Teaninich 2014/2024 Adelphi Selection is a bold and fruity 10-year-old single malt Scotch whisky.,Teaninich 2014/2024 Adelphi Selection er en kraftfuld og frugtagtig 10-årig single malt Scotch whisky.
linkwood-2009-15-ar-54-5-adelphi-selection,Linkwood 2009 15 Years 54.5% Adelphi Selection,"Linkwood 2009 15 År 54,5% Adelphi Selection",whisky,"Nyheder, sherry, Speyside, whisky",935.00,https://cdn.shopify.com/s/files/1/0594/5098/2590/files/IMG-3372.heic?v=1730127339,Rich and fruity with hints of spice,54.5,"Linkwood 2009 is a rich, fruity whisky aged for 15 years with a robust 54.5% alcohol content.","Linkwood 2009 er en rig, frugtagtig whisky, der er lagret i 15 år med en robust alkoholprocent på 54,5%."
ardnamurchan-sherry-cask-50-release-2024,Ardnamurchan Sherry Cask 50% Release 2024,Ardnamurchan Sherry Cask 50% Udgivelse 2024,whisky,"Highland, Nyheder, sherry, whisky",550.00,https://cdn.shopify.com/s/files/1/0594/5098/2590/files/IMG-3347.heic?v=1730018769,"Rich, fruity, and slightly sweet with a hint of oak",50.0,"Ardnamurchan Sherry Cask is a balanced whisky with notes of fruit and oak, showcasing a rich character.","Ardnamurchan Sherry Cask er en velafbalanceret whisky med noter af frugt og eg, som fremhæver en rig karakter."
anmarchen-ad-10-ar-50-10th-anniversary-edition,Ardnamurchan AD 10 Year 50% 10th Anniversary Edition,Ardnamurchan AD 10 År 50% 10-års Jubilæumsudgave,whisky,"Highland, Nyheder, whisky",550.00,https://cdn.shopify.com/s/files/1/0594/5098/2590/files/IMG-3344.heic?v=1730018246,"Fruity, smoky with hints of spice",50.0,"Ardnamurchan AD 10 Year Old is a robust whisky with a rich character, perfect for special occasions.","Ardnamurchan AD 10 år gammel er en fyldig whisky med en rig karakter, perfekt til særlige anledninger."
worthy-park-master-class-tasting-kit-8-x-2-cl,Worthy Park Master Class Tasting Kit 8 x 2 cl.,Worthy Park Master Class Smagekit 8 x 2 cl.,rom,"Nyheder, ro, rom",249.00,https://cdn.shopify.com/s/files/1/0594/5098/2590/files/4FDE83CA-DC22-48FA-82CD-FAB986E0CE10.jpg?v=1729430707,"Sweet, Spicy, Fruity",0.0,A curated tasting kit featuring a selection of exquisite rums from Worthy Park.,Et nøje udvalgt smagningssæt med en række udsøgte rom fra Worthy Park.
s-b-s-panama-2012-55-0,"S.B.S. Panama 2012, 55.0%","S.B.S. Panama 2012, 55,0%",rom,"Nyheder, rom",650.00,https://cdn.shopify.com/s/files/1/0594/5098/2590/files/IMG-3290.heic?v=1729415944,Sweet with tropical fruit notes and a hint of spice,55.0,S.B.S. Panama 2012 is a rich and vibrant rum with a powerful 55% ABV that showcases tropical fruit flavors.,"S.B.S. Panama 2012 er en rig og livlig rom med kraftfulde 55% ABV, der fremhæver tropiske frugtsmage."
patridom-gran-reserva,Patridom Gran Reserva,Patridom Gran Reserva,rom,"Nyheder, rom",285.00,https://cdn.shopify.com/s/files/1/0594/5098/2590/files/IMG-3272.heic?v=1729174548,"Sweet, Fruity, Spicy",40.0,Patridom Gran Reserva is a richly flavored rum with delightful notes of sweetness and spice.,Patridom Gran Reserva er en rigt smagende rom med dejlige noter af sødme og krydderi.
patridom-elixir-de-ron-5-ar,Patridom Rum Elixir 5 Years,Patridom Rom Elixir 5 År,rom,"Nyheder, rom",199.00,https://cdn.shopify.com/s/files/1/0594/5098/2590/files/IMG-3273.heic?v=1729173939,Sweet and Spicy Rum,,Patridom Elixir de Ron is a refined 5-year aged rum with sweet and spicy notes.,"Patridom Elixir de Ron er en forfinet rom, der er lagret i 5 år med søde og krydrede noter."
longmorn-13yo-2011-1721-pedro-ximenez-finish,Longmorn 13 Years 2011 58.2% Pedro Ximenez Finish Lady of the Glen,"Longmorn 13 År 2011 58,2% Pedro Ximenez Finish Lady of the Glen",whisky,"sherry, Speyside, whisky",1375.00,https://cdn.shopify.com/s/files/1/0594/5098/2590/files/IMG-3161.heic?v=1727687684,"Rich and fruity with notes of dried fruits, dark chocolate, and spices from the Pedro Ximenez finish.",58.2,"A robust 13-year-old whisky with a luxurious Pedro Ximenez finish, delivering rich flavors.","En robust 13-årig whisky med en luksuriøs Pedro Ximenez-finish, der leverer rige smagsnuancer."
caol-ila-11-ar-55-4-2013-rivesaltes-finish-lady-of-the-glen-nbsp,"Caol Ila, 11 Years 55.4% 2013 Rivesaltes Finish Lady of the Glen","Caol Ila, 11 år 55,4% 2013 Rivesaltes Finish Lady of the Glen",whisky,"Islay, Nyheder, whisky",895.00,https://cdn.shopify.com/s/files/1/0594/5098/2590/files/IMG-3167.heic?v=1727707470,"Smoky, fruity, and complex with hints of sweetness",55.4,A rich and flavorful whisky with a unique Rivesaltes finish.,En rig og smagfuld whisky med en unik Rivesaltes finish.
cambus-32-ar-1991-oloroso-butt-lady-of-the-glen,Cambus 32 Years 47.6% 1991 Oloroso Butt Lady of the Glen,"Cambus 32 År 47,6% 1991 Oloroso Butt Lady of the Glen",whisky,"Lowland, Nyheder, sherry, whisky",2075.00,https://cdn.shopify.com/s/files/1/0594/5098/2590/files/IMG-3163.heic?v=1727687859,"Rich, fruity, and nutty with hints of dried fruits and spices",47.6,Cambus 32 Year Old is a rich and complex whisky aged in Oloroso sherry casks.,"Cambus 32 år gammel er en rig og kompleks whisky, der er lagret på Oloroso sherryfade."
highland-10-ar-nbsp-46-3-tomatin-edinburgh-whisky,Highland 10 Year Old 46.3% (Tomatin) Edinburgh Whisky,"Highland 10 År 46,3% (Tomatin) Edinburgh Whisky",whisky,"Highland, Nyheder, whisky",475.00,https://cdn.shopify.com/s/files/1/0594/5098/2590/files/IMG-3157.heic?v=1727687420,Fruity with hints of honey and vanilla,46.3,"A smooth and fruity whisky with a hint of honey and vanilla, aged for 10 years.","En glat og frugtagtig whisky med hint af honning og vanilje, lagret i 10 år."
islay-8-ar-46-3-caol-ila-edinburgh-whisky,Islay 8 Year Old 46.3% (Caol Ila) Edinburgh Whisky,"Islay 8 år 46,3% (Caol Ila) Edinburgh Whisky",whisky,"Islay, Nyheder, whisky",475.00,https://cdn.shopify.com/s/files/1/0594/5098/2590/files/IMG-3154.heic?v=1727687299,Smoky with hints of peat and ocean brine.,46.3,"A smooth, smoky whisky from Islay with an age of 8 years.","En glat, røget whisky fra Islay med en alder på 8 år."
spyeside-10-ar-46-3-mortlach-edinburgh-whisky,Speyside 10 Years 46.3% (Mortlach) Edinburgh Whisky,"Speyside 10 År 46,3% (Mortlach) Edinburgh Whisky",whisky,"Nyheder, Speyside, whisky",475.00,https://cdn.shopify.com/s/files/1/0594/5098/2590/files/IMG-3151.heic?v=1727687201,Fruity with hints of spices and honey,46.3,"A smooth and rich Speyside whisky aged for 10 years, offering fruity and spicy notes.","En glat og rig Speyside whisky, der er lagret i 10 år og tilbyder frugtige og krydrede noter."
diamond-rum-18-ar-55-5-fragrant-drops,Diamond Rum 18 Years 55.5% Fragrant Drops,"Diamond Rum 18 år 55,5% Duftende Dråber",rom,"Last Bottle, Nyheder, rom",1250.00,https://cdn.shopify.com/s/files/1/0594/5098/2590/files/IMG-3177.heic?v=1727688659,Sweet and complex with notes of caramel and vanilla,55.5,A rich and aromatic 18-year aged rum with a distinctive high proof.,"En rig og aromatisk rom, der er 18 år gammel med en distinkt høj alkoholprocent."
linkwood-2011-12-ar-58-0-tequila-fragrant-drops,Linkwood 2011 12 Years 58.0% Tequila Fragrant Drops,"Linkwood 2011 12 År 58,0% Tequila Duftdråber",whisky,"Nyheder, Speyside, whisky",800.00,https://cdn.shopify.com/s/files/1/0594/5098/2590/files/IMG-3175.heic?v=1727688579,Fruity and herbal with notes of tequila,58.0,A rich 12-year-old Linkwood whisky with a unique tequila influence.,En rig 12-årig Linkwood whisky med en unik tequila påvirkning.
indiana-rye-5-ar-57-1-1-virgin-american-oak-barrel,"Indiana Rye 5 Years 57.1%, • #1 • Virgin American Oak Barrel","Indiana Rye 5 År 57,1%, • #1 • Jomfruelig Amerikansk Eg Fad",whisky,"Bourbon, Last Bottle, Nyheder",825.00,https://cdn.shopify.com/s/files/1/0594/5098/2590/files/IMG-3180.heic?v=1727688813,Spicy with notes of caramel and vanilla,57.1,A robust rye whisky aged for 5 years in virgin American oak barrels.,"En kraftfuld rugwhisky, der er lagret i 5 år i jomfruelige amerikanske egetræsfade."
glasgow-2018-5-ar-61-1-bourbon-barrel-fragrant-drops,Glasgow 2018 5 Years 61.1% Bourbon Barrel Fragrant Drops,"Glasgow 2018 5 År 61,1% Bourbon Fade Duftdråber",whisky,"Last Bottle, Lowland, Nyheder, whisky",750.00,https://cdn.shopify.com/s/files/1/0594/5098/2590/files/IMG-3182.heic?v=1727689014,"Vanilla, Oak, Spice",61.1,A bold and flavorful whisky aged for 5 years in bourbon barrels.,"En modig og smagfuld whisky, der er lagret i 5 år i bourbonfade."
caol-ila-2015-9-ar-57-2-ff-chateau-margaux-barrique-fragrant-drops,Caol Ila 2015 9 Years 57.2% FF Chateau Margaux Barrel Fragrant Drops,"Caol Ila 2015 9 År 57,2% FF Chateau Margaux Barrique Duftdråber",whisky,"Islay, Nyheder, whisky",975.00,https://cdn.shopify.com/s/files/1/0594/5098/2590/files/IMG-3185_8c778e9e-912f-4696-a383-a3e1b3f0987c.heic?v=1727700993,Smoky and fruity with a hint of oak,57.2,"A rich and complex whisky with smoky and fruity notes, aged for 9 years.","En rig og kompleks whisky med røgede og frugtagtige noter, lagret i 9 år."
ben-nevis-2013-11-ar-53-0-palo-cortado-sherry-woodrow-s-of-edinburgh,"Ben Nevis, 2013 11 years 53.0% Palo Cortado sherry Woodrow's of Edinburgh","Ben Nevis, 2013 11 år 53.0% Palo Cortado sherry Woodrow's fra Edinburgh",whisky,"Highland, Nyheder, sherry, whisky",925.00,https://cdn.shopify.com/s/files/1/0594/5098/2590/files/IMG-3171.heic?v=1727688346,Rich sherry with nutty undertones,53.0,"Ben Nevis 2013 is an 11-year-old whisky matured in Palo Cortado sherry casks, delivering a rich and nutty profile.","Ben Nevis 2013 er en 11-år gammel whisky, der er lagret på Palo Cortado sherry fade, hvilket giver en rig og nøddet karakter."
bunnahabhain-2007-16-ar-54-2-oloroso-woodrow-s-of-edinburgh,"Bunnahabhain, 2007 16 years 54.2% Oloroso Woodrow's of Edinburgh","Bunnahabhain, 2007 16 år 54,2% Oloroso Woodrow's i Edinburgh",whisky,"Islay, Nyheder, sherry, whisky",1775.00,https://cdn.shopify.com/s/files/1/0594/5098/2590/files/IMG-3173.heic?v=1727688460,Rich and fruity with a hint of nuttiness,54.2,A rich and complex whisky aged 16 years in Oloroso casks.,"En rig og kompleks whisky, der er lagret i 16 år i Oloroso-fade."
teaninich-10-ar-56-8-oloroso-woodrow-s-of-edinburgh,Teaninich 2013 10 Years 56.8% Oloroso Woodrow's of Edinburgh,"Teaninich 2013 10 År 56,8% Oloroso Woodrow's fra Edinburgh",whisky,"Nyheder, sherry, Speyside, whisky",795.00,https://cdn.shopify.com/s/files/1/0594/5098/2590/files/IMG-3159.heic?v=1727687508,"Rich and complex with notes of dried fruits and nuts, typical of Oloroso cask maturation",56.8,"A rich 10-year-old whisky matured in Oloroso casks, offering a complex flavor profile.","En rig 10-årig whisky, der er modnet på Oloroso-fade, og tilbyder en kompleks smagsprofil."
linkwood-10-ar-59-9-adelphi,Linkwood 10 Year 59.9% Adelphi,"Linkwood 10 År 59,9% Adelphi",whisky,"Speyside, whisky",775.00,https://cdn.shopify.com/s/files/1/0594/5098/2590/files/IMG-3121.heic?v=1727007168,Rich and fruity with hints of vanilla and spice,59.9,Linkwood 10-year-old whisky with a high ABV and complex flavor profile.,Linkwood 10-års whisky med høj alkoholprocent og kompleks smagsprofil.
ardnamurchan-2024-miniature-saet-4-x-5-cl,Ardnamurchan 2024 Miniature Set 4 x 5 cl,Ardnamurchan 2024 Miniature Sæt 4 x 5 cl,whisky,"Highland, Nyheder, sherry, whisky",269.00,https://cdn.shopify.com/s/files/1/0594/5098/2590/files/IMG-3118.heic?v=1727005288,"Smooth, fruity with hints of spice",46.8,Ardnamurchan 2024 Miniature set features a selection of smooth and fruity whiskies.,Ardnamurchan 2024 miniature sæt indeholder et udvalg af bløde og frugtagtige whiskyer.
adelphi-ardnamurchan-whiskysmagning-26-10-2024-kl-15-00,"Adelphi / Ardnamurchan Whisky Tasting – October 26, 2024 at 3:00 PM",Adelphi / Ardnamurchan Whiskysmagning – 26. oktober 2024 kl. 15.00,whisky,"whisky, Whiskysmagning",350.00,https://cdn.shopify.com/s/files/1/0594/5098/2590/files/69D4216F-4524-4E55-BBC8-D5A066C1F602.jpg?v=1725984942,Rich and smoky with hints of vanilla and spice,,Join us for a whisky tasting of Adelphi's Ardnamurchan.,Deltag i en whiskysmagning af Adelphi's Ardnamurchan.
sall-whisky-3-ar-2024-56-3-by-rauff-fagerberg,Sall Whisky 3 Years. 2024 56.3% by Rauff & Fagerberg,"Sall Whisky 3 År. 2024 56,3% af Rauff & Fagerberg",whisky,"Danske aftapninger, Nyheder, sherry, whisky",800.00,https://cdn.shopify.com/s/files/1/0594/5098/2590/files/IMG-3060.jpg?v=1725600983,Rich and malty with hints of caramel and oak,56.3,A robust 3-year-old whisky with a high alcohol content and a rich flavor profile.,En kraftfuld 3-årig whisky med højt alkoholindhold og en rig smagsprofil.
ardnamurchan-58-3-ad-cask-strength-2024,Ardnamurchan 58.3% AD/Cask Strength 2024,"Ardnamurchan 58,3% AD/Fadstyrke 2024",whisky,"Highland, Nyheder, whisky",585.00,https://cdn.shopify.com/s/files/1/0594/5098/2590/files/IMG-3054.heic?v=1725463258,Rich and smoky with hints of fruit and spice,58.3,Ardnamurchan Cask Strength is a robust whisky with complex flavors.,Ardnamurchan Cask Strength er en robust whisky med komplekse smagsnuancer.
ardnamurchan-sauternes-cask-50-2024,Ardnamurchan Sauternes Cask 50% 2024,Ardnamurchan Sauternes Fad 50% 2024,whisky,"Highland, Nyheder, whisky",585.00,https://cdn.shopify.com/s/files/1/0594/5098/2590/files/IMG-3056.heic?v=1725378811,"Sweet with fruity notes, hints of honey and vanilla",50.0,"A rich whisky finished in Sauternes casks, delivering a blend of sweetness and complexity.","En rig whisky afsluttet i Sauternes-fade, der leverer en blanding af sødme og kompleksitet."
secret-speyside-tam-2013-11-ar-48-2-signatory-small-batch,Secret Speyside TAM 2013 11 Years 48.2% Signatory Small Batch,"Secret Speyside TAM 2013 11 År 48,2% Signatory Small Batch",whisky,"sherry, Speyside, whisky",675.00,https://cdn.shopify.com/s/files/1/0594/5098/2590/files/IMG-3041.heic?v=1725184742,Fruity with notes of oak and spice,48.2,"A rich and complex 11-year-old whisky from Speyside, characterized by fruity notes and oak.","En rig og kompleks 11-årig whisky fra Speyside, præget af frugtagtige noter og egetræ."
glen-garioch-2011-12-ar-48-2-signatory-samll-batch,Glen Garioch 2011 12 Years 48.2% Signatory Small Batch,"Glen Garioch 2011 12 År 48,2% Signatory Small Batch",whisky,"Highland, whisky",675.00,https://cdn.shopify.com/s/files/1/0594/5098/2590/files/IMG-3043.heic?v=1725184150,Fruity and Spicy,48.2,Glen Garioch 2011 is a rich and fruity whisky aged 12 years with a spicy finish.,"Glen Garioch 2011 er en rig og frugtagtig whisky, der er lagret i 12 år med en krydret eftersmag."
edradour-12-ar-2012-58-6-oloroso-cask-strength,Edradour 12 Year Old 2012 58.6% Oloroso Cask Strength,"Edradour 12 år 2012 58,6% Oloroso Cask Strength",whisky,"Highland, sherry, whisky",795.00,https://cdn.shopify.com/s/files/1/0594/5098/2590/files/IMG-3001.heic?v=1724870400,"Rich, fruity with notes of dried fruits and spices",58.6,A strong and flavorful whisky aged for 12 years in Oloroso casks.,"En kraftfuld og smagfuld whisky, der er lagret i 12 år i Oloroso-fade."
edradour-12-ar-2012-48-2-sauternes-cask-small-batch,Edradour 12 Year 2012 48.2% Sauternes Cask Small Batch,"Edradour 12 År 2012 48,2% Sauternes Cask Small Batch",whisky,"Highland, Nyheder, whisky",700.00,https://cdn.shopify.com/s/files/1/0594/5098/2590/files/IMG-2998.heic?v=1724869859,Sweet and fruity with hints of honey and apricot,48.2,"Edradour 12 years is a small batch whisky aged in Sauternes casks, offering a sweet and fruity experience.","Edradour 12 år er en small batch whisky, der er lagret på Sauternes-fad, og giver en sød og frugtagtig oplevelse."
longmorn-19-ar-2005-62-6-signatory-symington-s-choice,Longmorn 19 Years Old 2005 62.6% Signatory Symington’s Choice,"Longmorn 19 år 2005 62,6% Signatory Symington’s Choice",whisky,"Last Bottle, sherry, Speyside, whisky",2550.00,https://cdn.shopify.com/s/files/1/0594/5098/2590/files/13233C13-CD56-46C4-89B1-517B76E696C8.jpg?v=1724869354,Fruity and rich with a hint of oak,62.6,"Longmorn 19 years old, a rich and fruity whisky with oak notes.","Longmorn 19 år gammel, en fyldig og frugtagtig whisky med egetræsnoter."
linkwood-1997-27-ar-55-7-signatory-symington-s-choice,Linkwood 1997 27 Years 55.7% Signatory Symington’s Choice,"Linkwood 1997 27 År 55,7% Signatory Symingtons Valg",whisky,"Last Bottle, sherry, Speyside, whisky",2880.00,https://cdn.shopify.com/s/files/1/0594/5098/2590/files/IMG-3019.heic?v=1724868799,Fruity with oak and vanilla notes,55.7,Linkwood 1997 is a 27-year-old whisky with a rich and fruity profile.,Linkwood 1997 er en 27-år gammel whisky med en rig og frugtagtig profil.
linkwood-2007-16-ar-57-1-signatory-100-proff-exceptional-nbsp-cask,Linkwood 2006 17 Years 57.1% Signatory 100 Proff Exceptional Cask,"Linkwood 2006 17 År 57,1% Signatory 100 Proff Exceptionel Fade",whisky,"Last Bottle, sherry, Speyside, whisky",795.00,https://cdn.shopify.com/s/files/1/0594/5098/2590/files/IMG-3012.heic?v=1724868142,Fruity with notes of oak and vanilla,57.1,"Linkwood 2006 is a rich and complex whisky aged for 17 years, featuring fruity notes with a hint of oak.","Linkwood 2006 er en rig og kompleks whisky, der er lagret i 17 år med frugtagtige noter og et strejf af egetræ."
craigellachie-2007-16-ar-57-1-signatory-100-proff-exceptional-nbsp-cask,Craigellachie 2007 16 Years 57.1% Signatory 100 Proff Exceptional Cask,"Craigellachie 2007 16 År 57,1% Signatory 100 Proff Exceptionel Fad",whisky,"Last Bottle, sherry, Speyside, whisky",795.00,https://cdn.shopify.com/s/files/1/0594/5098/2590/files/IMG-3014.heic?v=1724867818,Rich and fruity with hints of spice and oak,57.1,"Craigellachie 2007 is a rich and complex single malt Scotch whisky, aged for 16 years.","Craigellachie 2007 er en rig og kompleks single malt whisky, lagret i 16 år."
glen-rothes-2014-10-ar-57-1-signatory-100-proff,Glen Rothes 2014 10 Years 57.1% Signatory 100 Proff,"Glen Rothes 2014 10 År 57,1% Signatory 100 Proff",whisky,"sherry, Speyside, whisky",550.00,https://cdn.shopify.com/s/files/1/0594/5098/2590/files/IMG-3009.heic?v=1724867129,Fruity and Spicy,57.1,"A rich and complex whisky, aged for 10 years with fruity and spicy notes.","En rig og kompleks whisky, lagret i 10 år med frugtagtige og krydrede noter."
secret-orkney-2010-14-ar-57-1-signatory-100-proff,Secret Orkney (HP) 2010 14 Years 57.1% Signatory 100 Professional,"Secret Orkney (HP) 2010 14 år 57,1% Signatory 100 Professionel",whisky,"orkney, sherry, whisky",550.00,https://cdn.shopify.com/s/files/1/0594/5098/2590/files/IMG-3005.heic?v=1724866607,Fruity and Spicy,57.1,Secret Orkney 2010 is a bold and flavorful whisky with fruity and spicy notes.,Secret Orkney 2010 er en dristig og aromatisk whisky med frugtige og krydrede noter.
glen-ord-2012-11-ar-57-1-signatory-100-proff,Glen Ord 2012 11 Years 57.1% Signatory 100 Proof,"Glen Ord 2012 11 År 57,1% Signatory 100 Proof",whisky,"Highland, whisky",540.00,https://cdn.shopify.com/s/files/1/0594/5098/2590/files/IMG-3007.heic?v=1724865688,Rich and fruity with hints of vanilla and oak,57.1,"A bold and characterful whisky with an age of 11 years, showcasing rich flavors.","En kraftfuld og karakterfuld whisky med en alder på 11 år, der viser rige smagsnuancer."
linkwood-2013-10-ar-57-1-signatory,Linkwood 2013 10 Years 57.1% Signatory 100 Professional,"Linkwood 2013 10 År 57,1% Signatory 100 Professionel",whisky,"sherry, Speyside, whisky",540.00,https://cdn.shopify.com/s/files/1/0594/5098/2590/files/IMG-3003.heic?v=1724860660,Fruity and Spicy,57.1,Linkwood 2013 is a robust 10-year-old whisky with fruity and spicy notes.,Linkwood 2013 er en kraftfuld 10-årig whisky med frugtagtige og krydrede noter.
auchroisk-2010-12-ar-copper-s-choice,Auchroisk 2010 12 Years Copper's Choice,Auchroisk 2010 12 År Copper's Choice,whisky,"Last Bottle, Speyside, whisky",600.00,https://cdn.shopify.com/s/files/1/0594/5098/2590/files/IMG-2962.heic?v=1724424024,Fruity with a hint of spice,0.46,Auchroisk 2010 is a 12-year-old whisky with fruity notes complemented by a hint of spice.,Auchroisk 2010 er en 12-årig whisky med frugtagtige noter suppleret med et hint af krydderier.
ardnamurchan-ad-paul-launois-champagne-cask-57-1-2023,Ardnamurchan AD/ Paul Launois Champagne Cask 57.1% 2023,"Ardnamurchan AD/ Paul Launois Champagne Cask 57,1% 2023",whisky,"Highland, whisky",650.00,https://cdn.shopify.com/s/files/1/0594/5098/2590/files/IMG-2919.heic?v=1723902379,Fruity and oaky with a hint of citrus,57.1,A robust whisky matured in Champagne casks offering complex flavors.,En robust whisky modnet i Champagne-fade med komplekse smagsnuancer.
the-legendary-20157-ar-59-2-single-malt-scotch-whisky-nbsp-blackadder-raw-cask,The Legendary 2015 7 Year 59.2% Single Malt Scotch Whisky Blackadder Raw Cask,"Den legendariske 2015 7 år 59,2% Single Malt Scotch Whisky Blackadder Raw Cask",whisky,"Last Bottle, Nyheder, whisky",725.00,https://cdn.shopify.com/s/files/1/0594/5098/2590/files/IMG-2915.heic?v=1723900946,Rich and complex with notes of dried fruit and spices,59.2,A bold and flavorful 7-year-old Single Malt Scotch Whisky.,En fyldig og smagfuld 7-årig Single Malt Scotch Whisky.
beenleigh-artisan-2007-13-ar-65-1-blackadder-raw-cask,Beenleigh Artisan 2007 13 Years 65.1% Blackadder Raw Cask,"Beenleigh Artisan 2007 13 år 65,1% Blackadder Raw Cask",rom,"Last Bottle, Nyheder, rom",1100.00,https://cdn.shopify.com/s/files/1/0594/5098/2590/files/IMG-2901.heic?v=1723746764,Fruity with hints of vanilla and spices,65.1,Beenleigh Artisan 2007 is a rich and complex rum aged for 13 years.,"Beenleigh Artisan 2007 er en rig og kompleks rom, der er lagret i 13 år."
panama-2007-13-ar-62-9-blackadder-raw-cask,Panama 2007 13 Years 62.9% Blackadder Raw Cask,"Panama 2007 13 år 62,9% Blackadder Raw Cask",rom,"Last Bottle, Nyheder, rom",995.00,https://cdn.shopify.com/s/files/1/0594/5098/2590/files/IMG-2897.heic?v=1723744252,"Fruity, Spicy, Complex",62.9,Panama 2007 13 Year Old Blackadder Raw Cask Rum with a robust and complex flavor profile.,Panama 2007 13-årig Blackadder Raw Cask Rom med en robust og kompleks smagsprofil.
trinidad-rum-2010-11-ar-66-4-blackadder-raw,Trinidad Rum 2010 11 Years 66.4% Blackadder Raw,"Trinidad Rum 2010 11 År 66,4% Blackadder Raw",rom,"Last Bottle, Nyheder, rom",975.00,https://cdn.shopify.com/s/files/1/0594/5098/2590/files/IMG-2894.heic?v=1723743329,Sweet and Spicy with notes of tropical fruits,66.4,A bold 11-year-old Trinidad rum with a high proof and vibrant flavors.,En kraftig 11-år gammel Trinidad rom med høj alkoholprocent og livlige smagsnuancer.
shizuoka-20185-ar-63-8-blackadder-raw-cask,Shizuoka 20185 Year 63.8% Blackadder Raw Cask,"Shizuoka 20185 År 63,8% Blackadder Raw Cask",whisky,"Japan, Last Bottle, Nyheder, whisky",2650.00,https://cdn.shopify.com/s/files/1/0594/5098/2590/files/IMG-2890.heic?v=1723741828,Fruity and spicy with hints of oak,63.8,A powerful 5-year-old whisky from Shizuoka with full-bodied character and rich flavors.,En kraftfuld 5-årig whisky fra Shizuoka med en fyldig karakter og rige smagsnuancer.
macduff-2007-2007-57-3-16-ar-adelphi,Macduff 2007 57.3% 16 years Adelphi,"Macduff 2007 57,3% 16 år Adelphi",whisky,"Highland, sherry, whisky",875.00,https://cdn.shopify.com/s/files/1/0594/5098/2590/files/IMG-2671.heic?v=1720776780,Rich and complex with hints of fruit and spice,57.3,"Aged 16 years, this Macduff whisky offers a robust character with rich flavors.",Efter 16 års lagring tilbyder denne Macduff whisky en stærk karakter med rige smagsnuancer.
penderyn-8-ar-2015-56-9-adelphi,Penderyn 8 Years Old 2015 56.9% Adelphi,"Penderyn 8 år 2015 56,9% Adelphi",whisky,"England, whisky",950.00,https://cdn.shopify.com/s/files/1/0594/5098/2590/files/87FA41A4-52D8-4756-9D49-3162D34F98CE.jpg?v=1719585443,Rich and smooth with hints of vanilla and oak,56.9,Penderyn 8 Year Old is a robust Welsh whisky with a captivating depth of flavor.,Penderyn 8 år gammel er en robust walisisk whisky med en fængslende dybde af smag.
trinidad-distillery-2005-19-ar-58-adelphi,Trinidad Distillery 2005 19 Years 58% Adelphi,Trinidad Distillery 2005 19 År 58% Adelphi,rom,"Nyheder, rom",1850.00,https://cdn.shopify.com/s/files/1/0594/5098/2590/files/IMG-2509.heic?v=1719569055,Sweet and Spicy,58.0,A bold and complex rum from Trinidad with rich flavors developed over 19 years.,En kraftfuld og kompleks rom fra Trinidad med rige smagsnuancer udviklet over 19 år.
chichibu-2014-8-ar-56-4-adelphi,Chichibu 2014 8 Years 56.4% Adelphi,"Chichibu 2014 8 År 56,4% Adelphi",whisky,"Japan, Nyheder, whisky",2800.00,https://cdn.shopify.com/s/files/1/0594/5098/2590/files/IMG-2501.heic?v=1719510889,"Fruity, Spicy, Oak",56.4,Chichibu 2014 is an 8-year-old whisky with a rich and complex flavor profile.,Chichibu 2014 er en 8-årig whisky med en rig og kompleks smagsprofil.
ardmore-7-ar-61-1-2016-adelphi,Ardmore 7 Years 61.1% 2016 Adelphi,"Ardmore 7 år 61,1% 2016 Adelphi",whisky,"Highland, sherry, whisky",675.00,https://cdn.shopify.com/s/files/1/0594/5098/2590/files/IMG-2496.heic?v=1719509948,Smoky with hints of citrus and vanilla,61.1,Ardmore 7 Year Old is a bold whisky with a complex character.,Ardmore 7 år gammel er en kraftfuld whisky med en kompleks karakter.
benriach-12-ar-58-6-2012-adelphi,Benriach 12 Years 58.6% 2012 Adelphi,"Benriach 12 År 58,6% 2012 Adelphi",whisky,"Nyheder, sherry, Speyside, whisky",850.00,https://cdn.shopify.com/s/files/1/0594/5098/2590/files/IMG-2494.heic?v=1719508960,Fruity with a hint of spice,58.6,Benriach 12 Years Old is a rich and fruity single malt whisky aged to perfection.,"Benriach 12 år gammel er en rig og frugtagtig single malt whisky, der er modnet til perfektion."
dailuaine-9-ar-2015-56-5-adelphi,Dailuaine 9 Year Old 2015 56.5% Adelphi,"Dailuaine 9 år 2015 56,5% Adelphi",whisky,"Last Bottle, Nyheder, sherry, Speyside, whisky",700.00,https://cdn.shopify.com/s/files/1/0594/5098/2590/files/IMG-2492.heic?v=1719506317,Fruity and Spicy,56.5,A bold and fruity single malt whisky with a spicy finish.,En kraftfuld og frugtagtig single malt whisky med en krydret eftersmag.
white-peak-5-ar-2019-57-8-red-wine-barrique-adelphi,White Peak 5 Years 2019 57.8% Red Wine Barrique Adelphi,"White Peak 5 År 2019 57,8% Rødvin Barrique Adelphi",whisky,"England, Nyheder, whisky",800.00,https://cdn.shopify.com/s/files/1/0594/5098/2590/files/IMG-2490.heic?v=1719504582,Fruity and spicy with hints of red wine and oak,57.8,A rich and complex whisky aged for 5 years in red wine barriques.,En rig og kompleks whisky lagret i 5 år i rødvinsbarriques.
ardnamurchan-5-ar-58-m-b-2018,Ardnamurchan 5 Year 58% M&B 2018,Ardnamurchan 5 År 58% M&B 2018,whisky,"Highland, sherry, whisky",875.00,https://cdn.shopify.com/s/files/1/0594/5098/2590/files/a1_03a5e65d-a461-45d0-9957-1095eefe1b08.jpg?v=1719499967,Smooth with hints of fruit and spice,58.0,Ardnamurchan 5 Year Old is a rich and complex whisky with a bold character.,Ardnamurchan 5 år gammel er en fyldig og kompleks whisky med en kraftfuld karakter.
ardnamurchan-ad-09-15-59-8-cask-588,Ardnamurchan AD/09:15 59.8% Cask 588,"Ardnamurchan AD/09:15 59,8% Cask 588",whisky,"Highland, whisky",700.00,https://cdn.shopify.com/s/files/1/0594/5098/2590/files/IMG-2533.heic?v=1719736550,Spicy and peaty with hints of caramel and citrus,59.8,Ardnamurchan AD/09:15 is a bold whisky with a complex flavor profile.,Ardnamurchan AD/09:15 er en kraftfuld whisky med en kompleks smag.
ardnamurchan-ad-paul-launois-2024-70cl-57-3,Ardnamurchan AD Paul Launois 2024 70cl 57.3%,"Ardnamurchan AD Paul Launois 2024 70cl 57,3%",whisky,"Highland, Last Bottle, whisky",725.00,https://cdn.shopify.com/s/files/1/0594/5098/2590/files/IMG-2475.heic?v=1719487454,Rich and smoky with hints of fruit and spice,57.3,A robust whisky with complex flavors and a strong character.,En robust whisky med komplekse smage og en stærk karakter.
mannochmore-12-ar-57-3-cask-strength-sherry-finish,Mannochmore 12 Year Old 57.3% Cask Strength Sherry Finish,"Mannochmore 12 År 57,3% Cask Strength Sherry Finish",whisky,"sherry, Speyside, whisky",785.00,https://cdn.shopify.com/s/files/1/0594/5098/2590/files/11270CEA-18A0-4E08-86BA-C8C3775CF202.png?v=1717470026,Fruity and Rich with Sherry Notes,57.3,A powerful sherry-finished whisky with a rich fruitiness and strong character.,En kraftfuld sherry-afsluttet whisky med en rig frugtagtig smag og stærk karakter.
inchgower-12-ar-57-7-cask-strength-sherry-finish,Inchgower 12 Year Old 57.7% Cask Strength Sherry Finish,"Inchgower 12 år 57,7% Cask Strength Sherry Finish",whisky,"fars dag, sherry, Speyside, whisky",785.00,https://cdn.shopify.com/s/files/1/0594/5098/2590/files/i1.jpg?v=1714153341,Rich and fruity with notes of dried fruits and spices,57.7,"Inchgower 12 Year Old is a bold cask strength whisky with a sherry finish, offering rich, fruity flavors.","Inchgower 12 års gammel er et kraftfuldt fadstyrke whisky med en sherry-finish, der tilbyder rige, frugtige smagsnuancer."
teaninich-12-ar-54-3-cask-stength-sherry-finish,Teaninich 12 Years Old 54.3% Cask Strength Sherry Finish,"Teaninich 12 år 54,3% Cask Strength Sherry finish",whisky,"fars dag, Highland, sherry, whisky",735.00,https://cdn.shopify.com/s/files/1/0594/5098/2590/files/t1.jpg?v=1714150737,Rich and fruity with notes of dried fruits and spice from the sherry finish.,54.3,"Teaninich 12 Year Old is a cask strength whisky with a sherry finish, offering a rich and fruity profile.","Teaninich 12-års er en cask strength whisky med sherry-finish, der tilbyder en rig og frugtagtig profil."
auchroisk-12-ar-56-6-cask-stength,Auchroisk 12 Years Old 56.6% Cask Strength Sherry Finish,"Auchroisk 12 år 56,6% Cask Strength Sherry Finish",whisky,"sherry, Speyside, whisky",735.00,https://cdn.shopify.com/s/files/1/0594/5098/2590/files/a1_b25255e3-f671-4564-a813-b118855aae2a.jpg?v=1714150125,Rich sherry notes with hints of dried fruits and spices.,56.6,Auchroisk 12 Year Old is a full-bodied whisky with a bold sherry finish.,Auchroisk 12 år gammel er en fyldig whisky med en kraftig sherryafslutning.
linkwood-12-ar-2011-54-1,Linkwood 12 Year Old 2011 54.1% Cask Strength,"Linkwood 12 år 2011 54,1% fadstyrke",whisky,"Speyside, whisky",735.00,https://cdn.shopify.com/s/files/1/0594/5098/2590/files/l1_500298a3-3482-4132-9e7d-8b904d0a31e5.jpg?v=1714148774,Fruity and Spicy,54.1,Linkwood 12 years is a cask strength whisky with rich fruity and spicy notes.,Linkwood 12 år er en cask strength whisky med rige frugtagtige og krydrede noter.
speysidemacallan-2011-12-ar-48-2-small-batch-signatory,"Speyside (Macallan) 2011 12 Years 48.2%, Small Batch Signatory","Speyside (Macallan) 2011 12 År 48,2%, Small Batch Signatory",whisky,"Nyheder, sherry, Speyside, whisky",685.00,https://cdn.shopify.com/s/files/1/0594/5098/2590/files/80270F95-7CC6-410F-9443-C0B80778BB90.png?v=1717600993,Rich and fruity with hints of oak and spice,48.2,A refined Speyside whisky with rich fruit character and subtle spices.,En forfinet Speyside whisky med rig frugtkarakter og subtile krydderier.
aberlour-2012-12-ar-48-2-small-batch,Aberlour 2012 12 Year Old 48.2 Small Batch Signatory,"Aberlour 2012 12 År 48,2 Small Batch Signatory",whisky,"Highland, Nyheder, sherry, whisky",650.00,https://cdn.shopify.com/s/files/1/0594/5098/2590/files/a7.jpg?v=1713606483,Rich and smooth with notes of fruit and spice,48.2,Aberlour 2012 is a rich and smooth whisky that highlights fruit and spice.,"Aberlour 2012 er en rig og glat whisky, der fremhæver frugt og krydderi."
aultmore-2007-17-ar-57-1-100-proof-exceptinal-cask,Aultmore 2007 17 Years 57.1% 100 Proof Exceptional Cask,"Aultmore 2007 17 År 57,1% 100 Proof Usædvanligt Fad",whisky,"sherry, Speyside, whisky",795.00,https://cdn.shopify.com/s/files/1/0594/5098/2590/files/a5.jpg?v=1713605159,Fruity and Spicy,57.1,Aultmore 2007 is a rich and complex whisky aged for 17 years with fruity and spicy notes.,"Aultmore 2007 er en rig og kompleks whisky, der er lagret i 17 år med frugtagtige og krydrede noter."
macduff-2007-16-ar-57-1-100-proof-exceptinal-cask,Macduff 2007 16 Years 57.1% 100 Proof Exceptional Cask,"Macduff 2007 16 År 57,1% 100 Proof Exceptionel Cask",whisky,"Highland, sherry, whisky",795.00,https://cdn.shopify.com/s/files/1/0594/5098/2590/files/m3.jpg?v=1713604123,Rich and complex with notes of dried fruit and spice,57.1,Macduff 2007 is a 16-year-old whisky with exceptional character.,Macduff 2007 er en 16-årig whisky med en usædvanlig karakter.
glenburgie-2008-15-ar-57-1-100-proof-exceptinal-cask,Glenburgie 2008 15 Years 57.1% 100 Proof Exceptional Cask,"Glenburgie 2008 15 År 57,1% 100 Proof Exceptionel Cask",whisky,"sherry, Speyside, whisky",795.00,https://cdn.shopify.com/s/files/1/0594/5098/2590/files/g1.jpg?v=1713603860,Fruity and floral with hints of oak,57.1,"A rich and complex whisky aged for 15 years, offering a delightful balance of fruit and oak.","En rig og kompleks whisky, der er lagret i 15 år, og som tilbyder en dejlig balance mellem frugt og eg."
mannochmore-11-ar-57-1-100-proof-signatory,Mannochmore 11 Years 57.1% 100 Proof Signatory,"Mannochmore 11 År 57,1% 100 Proof Signatory",whisky,"sherry, Speyside, whisky",550.00,https://cdn.shopify.com/s/files/1/0594/5098/2590/files/m5.jpg?v=1713603213,"Sweet, Malty, Fruity",57.1,A bold and flavorful 11-year-old whisky with a rich sweetness.,En kraftfuld og smagfuld 11-årig whisky med en rig sødme.
miltonduff-12-ar-57-1-100-proof-signatory,Miltonduff 12 Years 57.1% 100 Proof Signatory,"Miltonduff 12 År 57,1% 100 Proof Signatory",whisky,"sherry, Speyside, whisky",550.00,https://cdn.shopify.com/s/files/1/0594/5098/2590/files/B4A87E63-4C7B-449D-881A-FBB74C43E0B5.png?v=1717470095,"Fruity, Spicy, Rich",57.1,Miltonduff 12 year old whisky offers a rich and fruity profile with a punchy strength.,Miltonduff 12 års whisky tilbyder en rig og frugtig profil med en kraftig styrke.
secret-orkney13-ar-hp-57-1-100-proof-signatory,Secret Orkney 14 Years (HP) 57.1% 100 Proof Signatory,"Secret Orkney 14 År (HP) 57,1% 100 Proof Signatory",whisky,"orkney, sherry, whisky",550.00,https://cdn.shopify.com/s/files/1/0594/5098/2590/files/s3.jpg?v=1713593263,"Rich, peaty with hints of dried fruit and spices",57.1,"A bold 14-year-old whisky from Orkney, rich in flavor with a robust character.","En kraftfuld 14-årig whisky fra Orkney, rig på smag med en robust karakter."
secret-speyside-macallan-13-ar-57-1-100-proof-signatory,Secret Speyside (Macallan) 13 Years 57.1% 100 Proof Signatory,"Secret Speyside (Macallan) 13 År 57,1% 100 Proof Signatory",whisky,"Nyheder, sherry, Speyside, whisky",550.00,https://cdn.shopify.com/s/files/1/0594/5098/2590/files/D196C6AB-1697-464F-8BD4-33A5EA5BA4E6.png?v=1717470182,Rich and fruity with oak and spice notes,57.1,A robust 13-year-old Speyside whisky with a rich and fruity character.,En robust 13-årig Speyside whisky med en rig og frugtagtig karakter.
aberfeldy-2013-10-ar-48-2-small-batch-signatory,"Aberfeldy 2013 10 Year Old 48.2%, Small Batch Signatory","Aberfeldy 2013 10 år 48,2%, Small Batch Signatory",whisky,"Highland, sherry, whisky",650.00,https://cdn.shopify.com/s/files/1/0594/5098/2590/files/a3.jpg?v=1713538328,Rich and fruity with a hint of spice,48.2,"A small batch whisky aged for 10 years, offering rich and fruity flavors.","En lille gruppe whisky, der er lagret i 10 år, med rige og frugtagtige smagsnuancer."
auchroisk-2010-13-ar-57-1-100-proof-signatory,Auchroisk 2010 13 Years 57.1% 100 Proof Signatory,"Auchroisk 2010 13 År 57,1% 100 Proof Signatory",whisky,"sherry, Speyside, whisky",575.00,https://cdn.shopify.com/s/files/1/0594/5098/2590/files/a1_71cdb713-17d2-417b-8ee5-e239431ec1a0.jpg?v=1713534868,Fruity and Spicy notes with a hint of oak,57.1,A rich single malt whisky aged 13 years with bold flavors.,"En rig single malt whisky, der er 13 år gammel med fyldige smagsnuancer."
old-school-malts-31-ar-old-blended-malt-signatory-vintage-43-5,Old School Malts 31 Year Old Blend Malt Signatory Vintage 43.5%,Old School Malts 31 År Gammel Blend Malt Signatory Vintage 43.5%,whisky,"Blend, Blended whisky, sherry, whisky",3350.00,https://cdn.shopify.com/s/files/1/0594/5098/2590/files/b1_3f51bdb4-cba6-49b2-a2bb-52c5b1857c91.jpg?v=1713533858,"Rich and complex with notes of dried fruit, spice, and oak",43.5,An exquisite 31-year-old blended malt whisky with a rich and complex profile.,En udsøgt 31-år gammel blended malt whisky med en rig og kompleks profil.
s-b-s-jamaica-2020-4-ar-59-5-mmw,S.B.S. Jamaica 2020 4 years. 59.5% MMW,"S.B.S. Jamaica 2020 4 år. 59,5% MMW",rom,"Last Bottle, rom",700.00,https://cdn.shopify.com/s/files/1/0594/5098/2590/files/j1.jpg?v=1712347176,"Fruity, Spicy, Sweet",59.5,A bold 4-year-old Jamaican rum with fruity and spicy notes.,En kraftfuld 4-årig jamaicansk rom med frugtige og krydrede noter.
s-b-s-dominikanske-republic-2012-12-ar-57-afd,S.B.S. Dominican Republic 2012 12 Years 57% AFD,S.B.S. Dominikanske Republik 2012 12 År 57% AFD,rom,rom,600.00,https://cdn.shopify.com/s/files/1/0594/5098/2590/files/d1.jpg?v=1712346458,Sweet and fruity with hints of vanilla and oak,57.0,"Aged 12 years, this Dominican rum offers a rich, sweet profile that delights the palate.","Aldret 12 år, denne dominikanske rom tilbyder en rig, sød profil, der glæder ganen."
s-b-s-antigua-9-ar-2015-59,"S.B.S. Antigua 9 Years 2015, 59%","S.B.S. Antigua 9 år 2015, 59%",rom,"Nyheder, rom",850.00,https://cdn.shopify.com/s/files/1/0594/5098/2590/files/sbs1.jpg?v=1712325609,Fruity and spicy with a hint of oak,59.0,"S.B.S. Antigua is a rich and complex rum, aged for 9 years.","S.B.S. Antigua er en rig og kompleks rom, lagret i 9 år."
michters-10yo-single-barrel-bourbon,Michter's 10 Year Old Single Barrel Bourbon,Michter's 10-årig Single Barrel Bourbon,,Bourbon,1800.00,https://cdn.shopify.com/s/files/1/0594/5098/2590/files/9A35C2CE-DE5A-4E30-97CB-8C33EC5CD271.jpg?v=1710590028,"Rich vanilla, caramel, and oak with a hint of spice",47.2,Michter's 10yo Single Barrel Bourbon is a rich and flavorful bourbon with a smooth finish.,Michter's 10 års Single Barrel Bourbon er en rig og smagfuld bourbon med en blød eftersmag.
lochlea-ploughing-46-2nd-edition-2023,Lochlea Ploughing 46% 2nd Edition 2023,Lochlea Pløje 46% 2. Udgave 2023,whisky,"Lowland, whisky",525.00,https://cdn.shopify.com/s/files/1/0594/5098/2590/files/l1.jpg?v=1710430289,Fruity and malty with hints of spice,46.0,Lochlea Ploughing 2nd Edition offers a harmonious blend of fruity and malty flavors.,Lochlea Ploughing 2. udgave tilbyder en harmonisk blanding af frugtagtige og maltrige smage.
mortlach-32-ar-1991-54-1-signatory-35th-anniversary-rare-reserve,Mortlach 32 Years 1991 54.1% Signatory 35th Anniversary Rare Reserve,"Mortlach 32 år 1991 54,1% Signatory 35. jubilæum Rare Reserve",,"Last Bottle, sherry, Speyside, whisky",8200.00,https://cdn.shopify.com/s/files/1/0594/5098/2590/files/mo3.jpg?v=1710331536,"Rich and complex with notes of dried fruit, spice, and oak",54.1,"A well-aged single malt with depth and character, perfect for whisky connoisseurs.","En velmodnet single malt med dybde og karakter, perfekt til whiskyelskere."
laphroig-32-ar-1991-53-4-signatory-35th-anniversary-rare-reserve,Laphroaig 32 Year 1991 51.4% Signatory 35th Anniversary Rare Reserve,"Laphroaig 32 År 1991 51,4% Signatory 35. Års Jubilæum Raritet Reserve",whisky,"Islay, Last Bottle, whisky",9500.00,https://cdn.shopify.com/s/files/1/0594/5098/2590/files/la1.jpg?v=1710330401,"Smoky, Peaty, Fruity",51.4,"A complex and rich whisky with smoky and fruity notes, aged for 32 years.","En kompleks og rig whisky med røgede og frugtige noter, lagret i 32 år."
highland-park-32-ar-1991-53-4-signatory-35th-anniversary-rare-reserve,Highland Park 32 Year Old 1991 53.4% Signatory 35th Anniversary Rare Reserve,"Highland Park 32 År Gammel 1991 53,4% Signatory 35. Jubilæum Sjælden Reserve",whisky,"Last Bottle, orkney, sherry, whisky",9700.00,https://cdn.shopify.com/s/files/1/0594/5098/2590/files/hp1.jpg?v=1710329834,"Rich and complex with notes of dried fruits, spices, and a hint of smokiness.",53.4,Highland Park 32 Year Old is a rich and complex whisky with a unique character.,Highland Park 32 år er en rig og kompleks whisky med en unik karakter.
blair-athol-1988-35-ar-55-9-35th-anniversary-signatory-rare-reserve,Blair Athol 1988 35 Years 55.9% Signatory 35th Anniversary Rare Reserve,"Blair Athol 1988 35 År 55,9% Signatory 35 års Jubilæum Rare Reserve",whisky,"Highland, Last Bottle, sherry, whisky",6800.00,https://cdn.shopify.com/s/files/1/0594/5098/2590/files/ba1_fa484864-a81c-41cb-a2f3-f93a177c8d77.jpg?v=1710328943,"Rich and complex with notes of dried fruits, spices, and oak",55.9,A distinguished Scotch whisky with deep flavors and a long finish.,En fornem skotsk whisky med dybe smagsnuancer og en lang eftersmag.
craigellachie-2012-11-ar-oloroso-small-batch-48-2-signatory-vintage-5,Craigellachie 2012 11 Year Old Oloroso Small Batch 48.2% Signatory Vintage #5,Craigellachie 2012 11 År Gammel Oloroso Small Batch 48.2% Signatory Vintage #5,whisky,"sherry, Speyside, whisky",625.00,https://cdn.shopify.com/s/files/1/0594/5098/2590/files/gra1_4099d265-f30d-4350-9265-447321692d33.jpg?v=1710182341,"Rich and fruity with notes of dried fruits, spices, and a hint of nuttiness.",48.2,"A rich and complex whisky aged 11 years in Oloroso casks, offering a delightful tasting experience.","En rig og kompleks whisky, der er lagret i 11 år i Oloroso-fade og tilbyder en dejlig smagsoplevelse."
mortlach-2014-10-ar-bolgher-small-batch-i-48-2-signatory-vintage,Mortlach 2014 10 Year Old Bolgher Small Batch at 48.2% Signatory Vintage,"Mortlach 2014 10 År Gammel Bolgher Small Batch ved 48,2% Signatory Vintage",whisky,"Nyheder, Speyside",625.00,https://cdn.shopify.com/s/files/1/0594/5098/2590/files/mo1.jpg?v=1710181495,Rich and fruity with hints of spice,48.2,"Mortlach 2014 is a rich, fruity whisky aged for 10 years, bottled at 48.2%.","Mortlach 2014 er en rig, frugtagtig whisky, der er lagret i 10 år og tappet til 48,2%."
caol-ila-2015-8-ar-57-1-100-proof-signatory-vintage,Caol Ila 2015 8 Year 57.1% 100 Proof Signatory Vintage #10,"Caol Ila 2015 8 År 57,1% 100 Proof Signatory Vintage #10",whisky,"Islay, sherry, whisky",500.00,https://cdn.shopify.com/s/files/1/0594/5098/2590/files/ci1.jpg?v=1710180129,"Smoky with hints of peat, citrus, and sea salt",57.1,Caol Ila 2015 is an 8-year-old whisky with a bold smoky flavor and a hint of citrus.,Caol Ila 2015 er en 8-årig whisky med en kraftig røget smag og et strejf af citrus.
glentauchers-2012-11-ar-57-1-100-proof-signatory-vintage,Glentauchers 2012 11 Years 57.1% 100 Proof Signatory Vintage,"Glentauchers 2012 11 År 57,1% 100 Proof Signatory Vintage",whisky,"sherry, Speyside, whisky",560.00,https://cdn.shopify.com/s/files/1/0594/5098/2590/files/gl1_65e32b72-187e-4125-8308-a28ac009fc71.jpg?v=1710179561,"Fruity, Spicy, Oak",57.1,A robust and flavorful single malt whisky with a fruity and spicy profile.,En robust og smagfuld single malt whisky med en frugtagtig og krydret profil.
spirit-of-yorkshire-2018-5-ar-48-0-adelphi,Spirit of Yorkshire 2018 5 Years 48.0% Adelphi,"Spirit of Yorkshire 2018 5 År 48,0% Adelphi",,"England, whisky",850.00,https://cdn.shopify.com/s/files/1/0594/5098/2590/files/9AA3FF20-18DF-42ED-9D5D-BF1015CF302D.jpg?v=1708548621,"Sweet vanilla, caramel, and oak with a hint of spice",48.0,A rich and complex whisky with notes of sweet vanilla and spice.,En rig og kompleks whisky med noter af sød vanilje og krydderi.
bowmore-1997-26-ar-cask-2410-55-5-adelphi,Bowmore 1997 26 Years Cask 2410 55.5% Adelphi,"Bowmore 1997 26 År Fade 2410 55,5% Adelphi",whisky,"Islay, Last Bottle, sherry, whisky",4950.00,https://cdn.shopify.com/s/files/1/0594/5098/2590/files/8EC9A9DD-9A69-4069-8BEB-DB011D2E9E9A.jpg?v=1708543988,Smoky and Malty,55.5,A 26-year-old Bowmore whisky with rich smoky flavors and notes of malt.,En 26-år gammel Bowmore whisky med rige røgfyldte smagsnuancer og malt noter.
ardnamurchan-9-ar-px-cask-no-240-56-2,Ardnamurchan 9 Year PX Cask No. 240 – 56.2%,"Ardnamurchan 9 År PX Fade Nr. 240 – 56,2%",whisky,"Highland, Nyheder, sherry, whisky",1000.00,https://cdn.shopify.com/s/files/1/0594/5098/2590/files/a1.jpg?v=1708198078,Rich and fruity with hints of chocolate and spice.,56.2,Ardnamurchan 9 Year PX Cask No. 240 is a rich and fruity whisky with a high alcohol content.,Ardnamurchan 9 År PX Cask No. 240 er en rig og frugtagtig whisky med et højt alkoholindhold.
ben-nevis-2014-8-ar-46-decanter-oloroso,Ben Nevis 2014 8 Year 46% Decanter Oloroso,Ben Nevis 2014 8 År 46% Decanter Oloroso,,"Highland, Last Bottle, sherry",585.00,https://cdn.shopify.com/s/files/1/0594/5098/2590/files/FB26FFF6-1D22-418D-B705-5A45E4B108BB.jpg?v=1707643905,"Rich and fruity with notes of dried fruits, nuts, and a hint of spice from the Oloroso sherry cask.",46.0,"Aged 8 years in Oloroso sherry casks, this whisky offers a rich and complex flavor profile.","Aldret 8 år på Oloroso sherryfade, denne whisky tilbyder en rig og kompleks smagsprofil."
inchgower-12-ar-48-2-serie-small-batch-3-oloroso-sherry,Inchgower 12 Years 48.2% Small Batch Series #3 Oloroso Sherry,"Inchgower 12 År 48,2% Small Batch Serie #3 Oloroso Sherry",whisky,"Last Bottle, sherry, Speyside, whisky",625.00,https://cdn.shopify.com/s/files/1/0594/5098/2590/files/BAA019D3-830A-4C6A-898C-9B10BC516BDE.jpg?v=1706544461,"Rich, fruity with notes of chocolate and spice, influenced by Oloroso Sherry",48.2,"Inchgower 12 Year Old is a rich whisky aged in Oloroso Sherry casks, offering a complex flavor profile.","Inchgower 12 år gammel er en rig whisky, der er lagret på Oloroso Sherry-fade, og tilbyder en kompleks smagsprofil."
caol-ila-10-ar-48-2-serie-small-batch-4-oloroso-sherry-cask,Caol Ila 10 Years 48.2% - Small Batch Series #4 - Oloroso Sherry Cask,"Caol Ila 10 År 48,2% - Small Batch Serie #4 - Oloroso Sherry Cask",whisky,"Islay, Last Bottle, Nyheder, sherry, whisky",625.00,https://cdn.shopify.com/s/files/1/0594/5098/2590/files/09D59D92-7178-4B67-9EB2-7BDCB13AA796.jpg?v=1706544135,Rich and smoky with notes of sherry and fruit,48.2,A complex and rich whisky aged for 10 years in Oloroso sherry casks.,"En kompleks og fyldig whisky, der har været lagret i 10 år på Oloroso sherryfade."
isle-of-raasay-scottish-whisky-distillery-of-the-year-release-2023-50-7-70-cl,Isle of Raasay Scottish Whisky Distillery of the Year Release 2023 50.7% 70 cl.,"Isle of Raasay Skotsk Whisky Destilleri af Året Udgivelse 2023 50,7% 70 cl.",,"Isle, whisky",795.00,https://cdn.shopify.com/s/files/1/0594/5098/2590/files/CE656850-FDE6-4DED-9A49-FC40A4E3348F.png?v=1717472937,Rich and fruity with hints of spice and oak,50.7,"A distinctive whisky with a bold character, celebrated as the Distillery of the Year 2023.","En distinkt whisky med en dristig karakter, fejret som Årets Destilleri 2023."
auchroisk-12-ar-54-5-red-cask,Auchroisk 12 Year Old 54.5% Red Cask,"Auchroisk 12 år 54,5% Rød Cask",whisky,"sherry, Speyside, whisky",750.00,https://cdn.shopify.com/s/files/1/0594/5098/2590/files/au1_6109efad-3f66-47d2-a13a-c68bb1fa32b2.jpg?v=1702483633,Fruity and spicy with oak notes,54.5,Auchroisk 12 years is a rich and characterful whisky with a bold profile.,Auchroisk 12 år er en rig og karakterfuld whisky med en fyldig profil.
ardnamurchan-58-1-cask-strengt-release-2023,Ardnamurchan 58.1% Cask Strength Release 2023,"Ardnamurchan 58,1% Cask Strength Udgivelse 2023",whisky,"Highland, sherry, whisky",595.00,https://cdn.shopify.com/s/files/1/0594/5098/2590/files/IMG-7724.jpg?v=1702030047,Rich and complex with notes of fruit and spices,58.1,Ardnamurchan 58.1% Cask Strength Release 2023 is a bold and intense whisky with rich flavors.,"Ardnamurchan 58,1% Cask Strength Release 2023 er en kraftig og intens whisky med rige smagsnuancer."
ardnamurchan-rum-cask-release-55,Ardnamurchan 55% Rum Cask Release 2023,Ardnamurchan 55% Romfad Udgivelse 2023,whisky,"Highland, whisky",585.00,https://cdn.shopify.com/s/files/1/0594/5098/2590/files/45B55128-A9F1-40D6-818F-C5D25BCF2501.jpg?v=1717174502,Rich and fruity with notes of caramel and spice,55.0,Ardnamurchan 55% Rum Cask Release 2023 offers a rich profile with a vibrant blend of flavors.,Ardnamurchan 55% Rum Cask Release 2023 byder på en rig profil med en levende blanding af smagsnuancer.
jin-jiji-high-proof-57-india-dry-gin,Jin Jiji High Proof 57% India Dry Gin,Jin Jiji High Proof 57% Indien Tør Gin,,"fars dag, Gin",289.00,https://cdn.shopify.com/s/files/1/0594/5098/2590/files/jinji.jpg?v=1699555209,Citrusy with herbal notes,57.0,Jin Jiji High Proof is a robust Indian dry gin with a bold citrus profile.,Jin Jiji High Proof er en kraftig indisk dry gin med en intens citrusprofil.
auchroisk-13-ar-54-5-finished-in-a-port-hogshead-auld-goonsys-malt,"Auchroisk 13 Years 54.5% Finished in a Port Hogshead, Auld Goonsy's Malt","Auchroisk 13 år 54,5% Færdiggjort i en Port Hogshead, Auld Goonsy's Malt",whisky,"fars dag, Portvin, Speyside, whisky",625.00,https://cdn.shopify.com/s/files/1/0594/5098/2590/files/p-a1.jpg?v=1700818063,Fruity and rich with notes of dried fruits and a hint of spice,54.5,Auchroisk 13 Year Old is a rich and fruity whisky finished in Port Hogsheads.,"Auchroisk 13 år gammel er en rig og frugtagtig whisky, der er færdiggjort i porthogsheads."
dailuaine-11-ar-56-1-auld-goonsys-malt,Dailuaine 11 Year 56.1% Auld Goonsy's Malt,"Dailuaine 11 År 56,1% Auld Goonsy's Malt",whisky,"Speyside, whisky",550.00,https://cdn.shopify.com/s/files/1/0594/5098/2590/files/da1_3b614d6a-859f-4f8b-b5c2-d90f6277b3d0.jpg?v=1699194450,Rich and fruity with a hint of spice,56.1,Dailuaine 11 Year Old is a high-proof whisky with rich flavors and complexity.,"Dailuaine 11 år gammel er en whisky med høj styrke, rig på smag og kompleksitet."
edradour-21-ar-52-1-2001-2023-oloroso-cask-finish-single-malt-whisky,"Edradour 21 Years Old, 52.1%, 2001/2023 Oloroso Cask Finish Single Malt Whisky","Edradour 21 år, 52,1%, 2001/2023 Oloroso Cask Finish Single Malt whisky",whisky,"Highland, Last Bottle, sherry, whisky",3000.00,https://cdn.shopify.com/s/files/1/0594/5098/2590/files/FE822E0E-FB91-4594-BBF8-675523A2447F.png?v=1717473099,"Fruity, nutty, and rich with hints of dark chocolate and dried fruits",52.1,Edradour 21 Year Old is a rich and complex single malt whisky finished in Oloroso casks.,Edradour 21 år gammel er en rig og kompleks single malt whisky afsluttet i Oloroso-fade.
worthy-park-calvados-43,Worthy Park Calvados 45%,Worthy Park Calvados 45%,rom,"Last Bottle, rom",885.00,https://cdn.shopify.com/s/files/1/0594/5098/2590/files/wp1.jpg?v=1696357031,"Spiced, fruity, and sweet",45.0,Worthy Park Calvados is a rich and vibrant rum with notes of spices and fruits.,Worthy Park Calvados er en rig og livlig rom med noter af krydderier og frugter.
s-b-s-panama-2013-55-double-aged,S.B.S. Panama 2010 55% Double Aged,S.B.S. Panama 2010 55% Dobbelt Lagret,rom,"Nyheder, rom",625.00,https://cdn.shopify.com/s/files/1/0594/5098/2590/files/pa1.jpg?v=1696356388,"Sweet, fruity with hints of caramel and vanilla",55.0,A rich and complex Panamanian rum double aged for enhanced flavor.,"En rig og kompleks panamansk rom, der er dobbelt-aldret for en forbedret smag."
s-b-s-phillipines-2019-virgin-oak-dk,"S.B.S. Philippines 2019, Virgin Oak","S.B.S. Filippinerne 2019, Jomfrueg",rom,rom,575.00,https://cdn.shopify.com/s/files/1/0594/5098/2590/files/ph1.jpg?v=1696355439,"Sweet, Spicy, Oak",0.0,"S.B.S. Philippines 2019, Virgin Oak is a captivating rum showcasing the essence of tropical sweetness and oak character.","S.B.S. Philippines 2019, Virgin Oak er en fascinerende rom, der fremhæver essensen af tropisk sødme og egetræskarakter."
s-b-s-jamaica-2020-52-ny-wk,S.B.S Jamaica 2020 52% NY-WK,S.B.S Jamaica 2020 52% NY-WK,rom,rom,675.00,https://cdn.shopify.com/s/files/1/0594/5098/2590/files/ja1.jpg?v=1696354731,"Fruity, Spicy, Oak",52.0,A bold Jamaican rum with a rich flavor profile and a high alcohol percentage.,En kraftfuld jamaicansk rom med en rig smagsprofil og en høj alkoholprocent.
esclavo-gran-reserva-40,Esclavo Grand Reserve 40%,Esclavo Gran Reserva 40%,rom,"fars dag, rom",240.00,https://cdn.shopify.com/s/files/1/0594/5098/2590/files/gra2.jpg?v=1696352801,Fruity and Spicy,40.0,Esclavo Gran Reserva is a well-balanced rum with fruity and spicy notes.,Esclavo Gran Reserva er en velafbalanceret rom med frugtagtige og krydrede noter.
orkney-18-hp-55-8-1st-fill-oloroso-sherry-butt-signatory,Orkney 18 (HP) 55.8% 1st fill Oloroso Sherry Butt. Signatory,"Orkney 18 (HP) 55,8% 1. fyld Oloroso Sherry Butt. Signatory",whisky,"orkney, sherry, whisky",1350.00,https://cdn.shopify.com/s/files/1/0594/5098/2590/files/or1_77cb5bb4-c753-4b17-a26e-0023ccfae291.jpg?v=1696011855,Rich and fruity with notes of dried fruit and chocolate,55.8,A robust 18-year-old whisky matured in first fill Oloroso sherry butts.,"En kraftfuld 18-årig whisky, der er modnet i første fyld Oloroso sherry fade."
glen-keith-26-ar-2-fill-oloroso-sherry-butt-signatory-symington-s-choice,Glen Keith 26 Years 2 Fill. Oloroso Sherry Butt. Signatory Symington’s Choice,Glen Keith 26 År 2 Fyld. Oloroso Sherry Butt. Signatory Symington’s Choice,,"Last Bottle, sherry, Speyside, whisky",3200.00,https://cdn.shopify.com/s/files/1/0594/5098/2590/files/gk1.jpg?v=1696007703,"Rich and fruity with notes of dried fruits, nuts, and spices",54.2,"A 26-year-old Glen Keith matured in Oloroso sherry casks, showcasing a rich and complex character.","En 26-årig Glen Keith modnet i Oloroso sherryfade, der fremhæver en rig og kompleks karakter."
glen-rothes-1995-28-ar-51-oloroso-sherry-butt-signatory-symington-s-choice,Glen Rothes 1995 28 Years 51% Oloroso Sherry Butt. Signatory Symington’s Choice,Glen Rothes 1995 28 år 51% Oloroso sherryfat. Signatory Symingtons valg,whisky,"Last Bottle, sherry, Speyside, whisky",2995.00,https://cdn.shopify.com/s/files/1/0594/5098/2590/files/gr3.jpg?v=1696007232,"Rich and fruity with notes of dried fruits, nuts, and spices, typical of Oloroso sherry cask maturation",51.0,"A complex 28-year-old whisky from Glen Rothes, matured in Oloroso sherry cask.","En kompleks 28-år gammel whisky fra Glen Rothes, lagret på Oloroso sherryfad."
benrinnes-10-ar-58-signatory,Benrinnes 10 Year Old. 58% Signatory,Benrinnes 10 år. 58% Signatory,whisky,"Speyside, whisky",655.00,https://cdn.shopify.com/s/files/1/0594/5098/2590/files/be1_ea168789-04e6-4ba7-9b14-bfff22c85785.jpg?v=1696005753,Rich and fruity with a hint of spice,58.0,Benrinnes 10 year old whisky with a robust character and deep flavors.,Benrinnes 10 år gammel whisky med en robust karakter og dybe smagsnuancer.
unnamed-speyside-12-ar-2005,Unnamed Speyside 12 Years 2005,Uden navn Speyside 12 År 2005,whisky,"Speyside, whisky",445.00,https://cdn.shopify.com/s/files/1/0594/5098/2590/files/8AFB8B05-294E-4BA5-8B83-5FD47642144F.jpg?v=1717469850,Fruity and Floral,,A 12-year-old Speyside whisky with fruity and floral notes.,En 12-årig Speyside whisky med frugtige og blomsteragtige noter.
bunnahabhian-staoisha-2014-8-ar-56-7,Bunnahabhain/Staoisha 2014 8 years 56.7%,"Bunnahabhain/Staoisha 2014 8 år 56,7%",whisky,"Islay, Last Bottle, whisky",690.00,https://cdn.shopify.com/s/files/1/0594/5098/2590/files/bu1.jpg?v=1696002229,Smoky with a hint of sweetness,56.7,"An 8-year-old whisky with a rich, smoky flavor profile.","En 8-årig whisky med en rig, røgfyldt smagsprofil."
edradour-10-ar-2013-2023-46-10-ar-highland-signatory-vintage,Edradour 10 Years 2013/2023 46% 10 Years Highland Signatory Vintage,Edradour 10 År 2013/2023 46% 10 År Highland Signatory Vintage,whisky,"Highland, sherry, whisky",585.00,https://cdn.shopify.com/s/files/1/0594/5098/2590/files/EEF0D06C-61FD-4279-A376-140A93699A86.png?v=1717473219,Fruity with hints of oak and spice,46.0,A rich and complex Highland whisky with a fruity character and a touch of spice.,En rig og kompleks Highland whisky med en frugtagtig karakter og et strejf af krydderi.
glenrothes-12-ar-48-2-2011-small-batch-edition-2-signatory-whisky,Glen Rothes 12 Years 48.2% 2011 - Small Batch Edition #2 (Signatory) Whisky,"Glen Rothes 12 år 48,2% 2011 - Small Batch Edition #2 (Signatory) Whisky",whisky,"sherry, Speyside, whisky",650.00,https://cdn.shopify.com/s/files/1/0594/5098/2590/files/gr1.jpg?v=1696001004,Fruity and Spicy,48.2,A well-balanced whisky with fruity notes and a hint of spice.,En velafbalanceret whisky med frugtagtige noter og et strejf af krydderi.
edradour-2011-2023-oloroso-sherry-butt-batch-no-2-highland-57-6,Edradour 12 Years 57.6% 2011/2023 Oloroso Sherry Butt Batch No. 2 Highland,"Edradour 12 år 57,6% 2011/2023 Oloroso Sherry Butt Batch Nr. 2 Highland",whisky,"Highland, Last Bottle, sherry, whisky",875.00,https://cdn.shopify.com/s/files/1/0594/5098/2590/files/ed1_e7391a70-e64c-4296-8895-258e2625018d.jpg?v=1695999888,Rich and fruity with notes of dried fruits and spices,57.6,"Edradour 12 Year Old is a rich, sherried whisky with complex flavors from Oloroso sherry casks.","Edradour 12 år gammel er en rig, sherryet whisky med komplekse smagsnuancer fra Oloroso sherryfade."
speyside-18-ar-m-57-7-oloroso-sherry-butt,Speyside 18 Years (M) 57.7% Oloroso Sherry Butt,"Speyside 18 År (M) 57,7% Oloroso Sherry Butt",whisky,"Last Bottle, sherry, Speyside, whisky",1985.00,https://cdn.shopify.com/s/files/1/0594/5098/2590/files/m1.jpg?v=1695926915,Rich and Sherried with notes of dried fruits and spices,57.7,"A robust Speyside whisky aged for 18 years in Oloroso Sherry casks, offering intense flavors.","En kraftfuld Speyside whisky, der er lagret i 18 år i Oloroso sherry-fade, med intense smagsnuancer."
north-star-blair-athol-14-ar-49,NORTH STAR BLAIR ATHOL 14 Years 49%,NORDSTJERNE BLAIR ATHOL 14 År 49%,whisky,"Highland, whisky",795.00,https://cdn.shopify.com/s/files/1/0594/5098/2590/files/bl1_7e059208-da16-49ac-8b01-c49f80d2b0c3.jpg?v=1694269598,Rich and malty with hints of dried fruits and spice,49.0,A rich 14-year-old whisky with a complex flavor profile.,En rig 14-årig whisky med en kompleks smagsprofil.
north-star-secret-speyside-single-malt-scotch-whisky-10-ar-43-2,NORTH STAR – SECRET SPEYSIDE SINGLE MALT SCOTCH WHISKY 10 years 43.2%,"NORDSTJERNE – BLEGTE SPEYSIDE SINGLE MALT SKOTSK WHISKY 10 år 43,2%",whisky,"Last Bottle, sherry, Speyside, whisky",695.00,https://cdn.shopify.com/s/files/1/0594/5098/2590/files/ss1.jpg?v=1694268314,Rich and fruity with hints of oak and vanilla,43.2,A smooth and complex 10-year-old Speyside single malt with a rich fruity character.,En glat og kompleks 10-år gammel Speyside single malt med en rig frugtagtig karakter.
lochlea-harvest-edition-2023,Lochlea Harvest Edition 2023 46%,Lochlea Harvest Edition 2023 46%,whisky,"Lowland, whisky",565.00,https://cdn.shopify.com/s/files/1/0594/5098/2590/files/p-loc1.jpg?v=1700818000,Fruity and Spicy,46.0,Lochlea Harvest Edition 2023 is a rich and flavorful whisky with a perfect balance of fruitiness and spice.,Lochlea Harvest Edition 2023 er en rig og smagfuld whisky med en perfekt balance mellem frugtighed og krydderi.
dailuaine-9-ar-oloroso-cask-finish-57-8-cask-strength,"Dailuaine 9 Years, Oloroso Cask Finish, 57.8% Cask Strength","Dailuaine 9 År, Oloroso Cask Finish, 57,8% Cask Strength",whisky,"sherry, Speyside, whisky",550.00,https://cdn.shopify.com/s/files/1/0594/5098/2590/files/da1_30530ca7-9fd6-4824-927f-bb550f2b8f93.jpg?v=1688586433,"Rich, Sherried, Fruity, Spicy",57.8,"Dailuaine 9 Years is a robust whisky with a bold Oloroso cask finish, delivering rich, sherried flavors.","Dailuaine 9 År er en robust whisky med en kraftig Oloroso fadfinish, der leverer rige, sherrierede smagsnuancer."
mannochmore-13-ar-57-1-finished-in-1st-fill-amontillado,Mannochmore 13 Year Old 57.1% Finished in 1st Fill Amontillado,"Mannochmore 13 år 57,1% afsluttet i 1. fyldning Amontillado",whisky,"sherry, Speyside, whisky",625.00,https://cdn.shopify.com/s/files/1/0594/5098/2590/files/ma1.jpg?v=1688097340,"Rich and fruity with notes of dried fruits, nuts, and a hint of chocolate.",57.1,A bold and complex whisky with a rich Amontillado finish.,En fyldig og kompleks whisky med en rig Amontillado finish.
teaninich-13-ar-57-1-finished-in-1st-fill-port-hogshead,Teaninich 13 Years 57.1% Finished in 1st Fill Port Hogshead,"Teaninich 13 År 57,1% Afsluttet i 1. Fyld Port Hogshead",whisky,"Highland, Port, whisky",625.00,https://cdn.shopify.com/s/files/1/0594/5098/2590/files/te1_235935bb-e655-4aed-ab6c-b03816c90698.jpg?v=1688067552,Rich and fruity with a hint of port wine sweetness,57.1,"Teaninich 13 years old, finished in 1st fill port hogshead, showcasing rich and fruity notes.","Teaninich 13 år gammel, afsluttet i 1. fyld port hogshead, der viser rige og frugtagtige noter."
caol-ila-9-ar-57-4-finished-in-1st-fill-oloroso-sherry-hogshead,Caol Ila 9 Years 57.4% Finished in 1st Fill Oloroso Sherry Hogshead,"Caol Ila 9 År 57,4% Færdiggjort i 1st Fill Oloroso Sherry Hogshead",whisky,"Islay, sherry, whisky",775.00,https://cdn.shopify.com/s/files/1/0594/5098/2590/files/ca3_9d161b87-9b21-4acd-9146-c9213a5bdad5.jpg?v=1688064912,Rich and fruity with sherry notes,57.4,A bold 9-year-old whisky with a rich sherry influence.,En kraftfuld 9-årig whisky med en rig sherryindflydelse.
glengoyne-legacy-chapter-three-48-70-cl,"Glengoyne Legacy, Chapter Three 48% 70 cl.","Glengoyne Legacy, Kapitel Tre 48% 70 cl.",,"Highland, sherry, whisky",685.00,https://cdn.shopify.com/s/files/1/0594/5098/2590/files/gl3.jpg?v=1687599253,Fruity with notes of dried fruit and spices,48.0,A complex and rich whisky with layers of flavor from dried fruits and spices.,En kompleks og rig whisky med lag af smag fra tørret frugt og krydderier.
fable-blended-malt-batch-2-46-5-70-cl,Fable Blended Malt Batch 2 46.5% 70 cl.,"Fable Blended Malt Batch 2 46,5% 70 cl.",whisky,"Blend, Blended whisky, whisky",535.00,https://cdn.shopify.com/s/files/1/0594/5098/2590/files/fe5.jpg?v=1687597758,"Malty, Fruity, Spicy",46.5,"A well-balanced blended malt with rich flavors of malt, fruit, and spice.","En velafbalanceret blended malt med rige smage af malt, frugt og krydderier."
fable-blended-malt-batch-1-46-5-70-cl,Fable Blended Malt Batch 1 46.5% 70 cl,"Fable Blended Malt Batch 1 46,5% 70 cl",whisky,"Blend, Blended whisky, whisky",535.00,https://cdn.shopify.com/s/files/1/0594/5098/2590/files/fe4.jpg?v=1687597591,Fruity with hints of oak and spice,46.5,A smooth blended malt with a rich fruity character.,En glat blended malt med en rig frugtagtig karakter.
fable-blended-malt-batch-3-46-5-70-cl,Fable Blended Malt Batch 3 46.5% 70 cl.,"Fable Blended Malt Batch 3 46,5% 70 cl.",whisky,"Blend, Blended whisky, whisky",535.00,https://cdn.shopify.com/s/files/1/0594/5098/2590/files/fe2.jpg?v=1687597080,Smooth and rich with hints of fruit and spice,46.5,A blended malt whisky with a smooth and rich character.,En blended malt whisky med en glat og rig karakter.
glengoyne-12-ar-43-70-cl,Glengoyne 12 Years 43% 70 cl,Glengoyne 12 år 43% 70 cl,whisky,"Highland, Last Bottle, sherry, whisky",439.00,https://cdn.shopify.com/s/files/1/0594/5098/2590/files/gl1.jpg?v=1687493816,Smooth and balanced with hints of fruit and oak,43.0,Glengoyne 12 Year Old is a smooth and rich whisky with a fruity character.,Glengoyne 12 år gammel er en glat og rig whisky med en frugtagtig karakter.
tamdhu-speyside-batch-strength-no-5-58-8-70-cl,Tamdhu Speyside Batch Strength No. 5 58.8% 70 cl.,"Tamdhu Speyside Batch Strength Nr. 5 58,8% 70 cl.",whisky,"Last Bottle, sherry, Speyside, whisky",735.00,https://cdn.shopify.com/s/files/1/0594/5098/2590/files/ta5.jpg?v=1687493261,Rich and robust with a hint of sweetness,58.8,Tamdhu Speyside Batch Strength No. 5 is a bold whisky with complex flavors.,Tamdhu Speyside Batch Strength No. 5 er en kraftfuld whisky med komplekse smagsnuancer.
tamdhu-18-ar-46-8-70-cl,Tamdhu 18 Years 46.8% 70cl,"Tamdhu 18 år 46,8% 70 cl",whisky,"Last Bottle, sherry, Speyside, whisky",1798.00,https://cdn.shopify.com/s/files/1/0594/5098/2590/files/ta3.jpg?v=1687491485,Rich and fruity with oak undertones,46.8,Tamdhu 18 Year Old is a finely crafted whisky with rich flavors and a smooth finish.,Tamdhu 18 år gammel er en veltilberedt whisky med rige smagsnuancer og en blød afslutning.
tamdhu-15-ar-46-70-cl,Tamdhu 15 Years 46% 70 cl,Tamdhu 15 År 46% 70 cl,whisky,"Last Bottle, sherry, Speyside, whisky",938.00,https://cdn.shopify.com/s/files/1/0594/5098/2590/files/ta1.jpg?v=1687490675,Fruity and Spicy,46.0,"A refined whisky with fruity and spicy notes, aged for 15 years.","En forfinet whisky med frugtagtige og krydrede noter, lagret i 15 år."
lochlea-sowing-edition-2023-46-abv-70-cl,Lochlea Sowing Edition 2023 - 46% ABV 70 cl,Lochlea Sowing Edition 2023 - 46% ABV 70 cl,whisky,"Lowland, whisky",545.00,https://cdn.shopify.com/s/files/1/0594/5098/2590/files/lo1_def2b596-377d-44e6-9c3c-fe3fae82cf8a.jpg?v=1687489342,Fruity and floral notes with a hint of spice,46.0,Lochlea Sowing Edition 2023 is a smooth whisky with vibrant flavors.,Lochlea Sowing Edition 2023 er en blød whisky med livlige smagsnuancer.
lochlea-cask-strength-batch-1pa-60-1,Lochlea Cask Strength Batch 1 60.1%,"Lochlea Cask Strength Batch 1 60,1%",whisky,"Lowland, whisky",750.00,https://cdn.shopify.com/s/files/1/0594/5098/2590/files/CS1.jpg?v=1687459388,"Rich, bold, with hints of oak and spice",60.1,"Lochlea Cask Strength Batch 1 is a robust whisky with a high alcohol content, showcasing rich flavors.","Lochlea Cask Strength Batch 1 er en robust whisky med høj alkoholindhold, der fremviser rige smagsnuancer."
orkney-17-ar-55-3-hp,Orkney 17 Years 55.3% (HP),"Orkney 17 År 55,3% (HP)",whisky,"Last Bottle, orkney, sherry, whisky",1375.00,https://cdn.shopify.com/s/files/1/0594/5098/2590/products/or1.jpg?v=1681237223,"Rich and complex with notes of honey, spices, and dried fruits",55.3,A rich 17-year-old whisky from Orkney with a high alcohol content.,En rig 17-årig whisky fra Orkney med en høj alkoholprocent.
bwnrinnes-15-ar-46-4,Benrinnes 15 Year Old 46.4%,"Benrinnes 15 År 46,4%",whisky,"Last Bottle, sherry, Speyside, whisky",995.00,https://cdn.shopify.com/s/files/1/0594/5098/2590/products/benrinnes-15-ar-464-whisky-by-rauff-fagerberg-226877.jpg?v=1679100929,"Fruity, Spicy, Oak",46.4,Benrinnes 15 years is a rich and complex whisky with fruity notes and a spicy finish.,Benrinnes 15 år er en rig og kompleks whisky med frugtagtige noter og en krydret eftersmag.
raasay-r-02-1-whisky-2022-single-island-malt-whisky-70-cl-46-4,RAASAY R-02.1 WHISKY 2022 SINGLE ISLAND MALT WHISKY 70 CL 46.4%,"RAASAY R-02.1 WHISKY 2022 SINGLE ISLAND MALT WHISKY 70 CL 46,4%",whisky,"Island, whisky",585.00,https://cdn.shopify.com/s/files/1/0594/5098/2590/products/ra1.jpg?v=1678540103,Rich and fruity with hints of spice,46.4,RAASAY R-02.1 is a distinctive single island malt whisky with a rich and fruity character.,RAASAY R-02.1 er en enestående single island malt whisky med en rig og frugtagtig karakter.
lochlea-ploughing-edition-1st-crop-46,"Lochlea Ploughing Edition, 1st crop 46%","Lochlea Pløjeudgave, 1. høst 46%",whisky,"Lowland, whisky",555.00,https://cdn.shopify.com/s/files/1/0594/5098/2590/products/lochles.jpg?v=1677874420,Fruity with a hint of spice,46.0,Lochlea Ploughing Edition is a vibrant whisky highlighting fruity notes and a touch of spice.,"Lochlea Ploughing Edition er en livlig whisky, der fremhæver frugtige noter og et strejf af krydderi."
secret-highland-distillery-2008-14-ar-44-9-vol-sherry-butt-glen-garioch,"Secret Highland Distillery 2008, 14 years 44.9% sherry butt. (Glen Garioch)","Hemmeligt Highland Destilleri 2008, 14 år 44,9 % sherry butt. (Glen Garioch)",whisky,"Highland, sherry, whisky",1050.00,https://cdn.shopify.com/s/files/1/0594/5098/2590/products/secret_highland-removebg-preview.png?v=1679306946,"Rich sherry, dried fruits, oak",44.9,A 14-year-old whisky from the Secret Highland Distillery with rich sherry notes.,En 14-år gammel whisky fra Secret Highland Distillery med rige sherrynoter.
bruichladdich-2003-18-ar-12-54-7-sherry-cask,"Bruichladdich 2003, 18 years 54.7% sherry cask","Bruichladdich 2003, 18 år 54,7% sherry fad",whisky,"Islay, sherry, whisky",2095.00,https://cdn.shopify.com/s/files/1/0594/5098/2590/products/bruichladdich-2003-18-ar-12-547-sherry-cask-whisky-by-rauff-fagerberg-213348.jpg?v=1679100935,Rich and fruity with notes of sherry,54.7,A complex and rich whisky aged for 18 years in sherry casks.,"En kompleks og rig whisky, der er lagret i 18 år på sherryfade."
mortlach-1998-22ar-10th-anniversary-56-4-sherry-cask,"Mortlach 1998 22 Years 10th Anniversary, 56.4% Sherry Cask","Mortlach 1998 22 År 10-års Jubilæum, 56,4% Sherry Cask",whisky,"Last Bottle, sherry, Speyside, whisky",3950.00,https://cdn.shopify.com/s/files/1/0594/5098/2590/products/mo1.png?v=1679306971,"Rich sherry, dark fruit, oak",56.4,A robust and complex whisky aged for 22 years in sherry casks.,"En kraftfuld og kompleks whisky, der er lagret i 22 år på sherryfade."
bowmore-1997-24-ar-52-0,"Bowmore 1997, 24 years 52.0%","Bowmore 1997, 24 år 52,0%",whisky,"Islay, Last Bottle, sherry, whisky",3775.00,https://cdn.shopify.com/s/files/1/0594/5098/2590/products/bowmore-1997-24-ar-520-whisky-by-rauff-fagerberg-391408.jpg?v=1679100931,Rich and smoky with hints of fruit and spice,52.0,Bowmore 1997 is a rich and smoky whisky with complex flavors.,Bowmore 1997 er en rig og røget whisky med komplekse smagsnuancer.
fable-whisky-chapter-5-hound-mannochmore-distillery-13-ar-59-3-70-cl,Fable Whisky – Chapter 5 'Hound' Mannochmore Distillery 13 Years 59.3% / 70 CL,Fable Whisky – Kapitel 5 'Hund' Mannochmore Distillery 13 År 59.3% / 70 CL,whisky,"Last Bottle, Speyside, whisky",899.00,https://cdn.shopify.com/s/files/1/0594/5098/2590/products/fable_whisky_chapter_5-removebg-preview.png?v=1681990755,Fruity and Spicy,59.3,A bold 13-year-old whisky from Mannochmore Distillery with vibrant flavors.,En kraftfuld 13-årig whisky fra Mannochmore Distillery med livlige smagsnoter.
fable-whisky-chapter-1-clanyard-caol-ila-distillery-59-8-70-cl,Fable Whisky – Chapter 1 'Clanyard' Caol Ila Distillery 59.8% / 70 CL,"Fable Whisky – Kapitel 1 'Clanyard' Caol Ila Destilleri 59,8% / 70 CL",whisky,"Islay, Last Bottle, whisky",1158.00,https://cdn.shopify.com/s/files/1/0594/5098/2590/products/fable_whisky_chapter_1-removebg-preview.png?v=1679306961,Smoky with hints of sea salt and citrus,59.8,A bold and complex whisky from the Caol Ila Distillery with a high alcohol content.,En robust og kompleks whisky fra Caol Ila Distillery med høj alkoholindhold.
chapter-three-moon-dailuaine-11-year-old-fable-whisky-60-3-vol-0-7l,Chapter Three Moon Dailuaine 11 Year Old Fable Whisky 60.3% Vol. 0.7L,"Kapitel Tre Måne Dailuaine 11 År Gammel Fabel Whisky 60,3% Vol. 0,7L",whisky,"Speyside, whisky",899.00,https://cdn.shopify.com/s/files/1/0594/5098/2590/products/fable_whisky_chapter_3-removebg-preview.png?v=1679306920,Rich and fruity with notes of oak and spice,60.3,An intense and flavorful 11-year-old Fable whisky from Dailuaine.,En intens og smagfuld 11-år gammel Fable whisky fra Dailuaine.
michter-s-us1-sour-mash-whiskey-43-70-cl,Michter’s US1 Sour Mash Whiskey 43% / 70 CL,Michter’s US1 Sour Mash Whiskey 43% / 70 CL,whisky,"Bourbon, Last Bottle, whisky",565.00,https://cdn.shopify.com/s/files/1/0594/5098/2590/products/michter-removebg-preview.png?v=1679306973,Sweet with hints of spice and oak,43.0,Michter's US1 Sour Mash Whiskey is a smooth and flavorful whiskey with a perfect balance of sweetness and spice.,Michter's US1 Sour Mash Whiskey er en glat og smagfuld whisky med en perfekt balance mellem sødme og krydderi.
michter-s-us1-kentucky-straight-bourbon-whiskey-45-7-70-cl,Michter's US1 Kentucky Straight Bourbon Whiskey 45.7% / 70 CL,Michter's US1 Kentucky Straight Bourbon Whiskey 45.7% / 70 CL,whisky,"Bourbon, Last Bottle, whisky",565.00,https://cdn.shopify.com/s/files/1/0594/5098/2590/products/mi3.jpg?v=1679306978,Rich and smooth with notes of caramel and vanilla.,45.7,"Michter's US1 offers a rich, smooth bourbon experience with caramel and vanilla notes.","Michter's US1 giver en rig, glat bourbonoplevelse med noter af karamel og vanilje."
michter-s-us1-small-batch-american-whiskey-41-7-70-cl,Michter's US1 Small Batch American Whiskey 41.7% / 70 CL,"Michter's US1 Small Batch Amerikansk Whisky 41,7% / 70 CL",whisky,"Bourbon, Last Bottle, whisky",565.00,https://cdn.shopify.com/s/files/1/0594/5098/2590/products/mi1.jpg?v=1679306976,"Smooth with hints of caramel, vanilla, and oak",41.7,Michter's US1 Small Batch American Whiskey is known for its smooth profile and rich flavor.,Michter's US1 Small Batch American Whiskey er kendt for sin glatte profil og rige smag.
ardnamurchan-ad-02-22-cask-strength-single-malt-whisky-58-7,Ardnamurchan AD/02.22 Cask Strength Single Malt Whisky 58.7%,"Ardnamurchan AD/02.22 Fassstyrke Enkelt Malt Whisky 58,7%",whisky,"Highland, whisky",589.00,https://cdn.shopify.com/s/files/1/0594/5098/2590/products/ardnamurchan-ad0222-cask-strength-single-malt-whisky-587-whisky-by-rauff-fagerberg-775483.jpg?v=1679100925,Rich and smoky with hints of fruitiness,58.7,A bold and complex single malt whisky from Ardnamurchan with a robust cask strength.,En kraftig og kompleks single malt whisky fra Ardnamurchan med en robust cask strength.
ardnamurchan-ad-10-21-06-highland-single-malt-whisky-46-8,Ardnamurchan AD/10.21:06 Highland Single Malt Whisky 46.8%,"Ardnamurchan AD/10.21:06 Highland Single Malt Whisky 46,8%",whisky,"Highland, whisky",445.00,https://cdn.shopify.com/s/files/1/0594/5098/2590/files/F5ECF98D-C62E-4B4E-9105-CCD09CAC8B12.png?v=1717470483,"Fruity, Spicy, Smoky",46.8,Ardnamurchan AD/10.21:06 is a rich Highland Single Malt Whisky with a complex flavor profile.,Ardnamurchan AD/10.21:06 er en fyldig Highland Single Malt Whisky med en kompleks smagsprofil.
hodal-whisky-no-4-broken-love-50-50-cl,Hødal Whisky No. 4 Broken Love 50% / 50 CL,Hødal Whisky Nr. 4 Broken Love 50% / 50 CL,whisky,"Danske aftapninger, Last Bottle, sherry, whisky",749.00,https://cdn.shopify.com/s/files/1/0594/5098/2590/products/h4.jpg?v=1668800576,Rich and Smooth,50.0,Hødal Whisky No. 4 Broken Love is a rich and smooth whisky with a 50% alcohol content.,Hødal Whisky No. 4 Broken Love er en rig og glat whisky med en alkoholprocent på 50%.
hodal-whisky-special-edition-3-46-50-cl,Hødal Whisky Special Edition 3 46% / 50 CL,Hødal Whisky Special Edition 3 46% / 50 CL,whisky,"Danske aftapninger, Last Bottle, sherry, whisky",829.00,https://cdn.shopify.com/s/files/1/0594/5098/2590/files/F3404890-2314-42AC-9CBC-D313E10E3299.jpg?v=1714291235,Smooth with hints of oak and vanilla,46.0,Hødal Whisky Special Edition 3 is a rich and smooth whisky with oaky notes.,Hødal Whisky Special Edition 3 er en rig og glat whisky med egetræsnoter.
hodal-whisky-no-5-oaky-passion-46-50-cl,Hødal Whisky No. 5 Oaky Passion 46% / 50 CL,Hødal Whisky Nr. 5 Egetræspassion 46% / 50 CL,whisky,"Danske aftapninger, Last Bottle, sherry, whisky",835.00,https://cdn.shopify.com/s/files/1/0594/5098/2590/products/hoe1.jpg?v=1668799384,Oaky with a hint of sweetness,46.0,"Hødal Whisky No. 5 features a rich, oaky flavor profile with a passionate sweetness.","Hødal Whisky No. 5 har en rig, egeagtig smagsprofil med en passioneret sødme."
north-star-bruichladdich-lochindhaal-single-malt-scotch-whisky-53-3-70-cl,North Star Bruichladdich Lochindaal Single Malt Scotch Whisky 53.3% / 70 CL,"North Star Bruichladdich Lochindaal Single Malt Scotch Whisky 53,3% / 70 CL",whisky,"Islay, Last Bottle, whisky",1899.00,https://cdn.shopify.com/s/files/1/0594/5098/2590/products/br1.jpg?v=1679306926,Fruity and floral with a hint of brine,53.3,A bold and complex single malt Scotch whisky with rich fruity notes.,En kraftig og kompleks single malt Scotch whisky med rige frugtagtige noter.
north-star-super-sonic-mach-3-55-70-cl,North Star – Super Sonic Mach 3 55% / 70 CL Blend,North Star – Super Sonic Mach 3 55% / 70 CL Blend,whisky,"Blend, Last Bottle, sherry, whisky",550.00,https://cdn.shopify.com/s/files/1/0594/5098/2590/products/su1.jpg?v=1679306954,Rich and smoky with hints of fruitiness,55.0,North Star – Super Sonic Mach 3 is a bold blend with a robust character.,North Star – Super Sonic Mach 3 er en dristig blanding med en robust karakter.
lochlea-single-malt-scotch-whisky-1st-release-46-70-cl,Lochlea Single Malt Scotch Whisky 1st Release 46% / 70 CL,Lochlea Single Malt Scotch Whisky 1. udgave 46% / 70 CL,whisky,"Last Bottle, Lowland, whisky",995.00,https://cdn.shopify.com/s/files/1/0594/5098/2590/products/lo9.jpg?v=1668787808,Smooth with hints of fruit and vanilla,46.0,A delightful single malt Scotch whisky with a smooth profile.,En dejlig single malt Scotch whisky med en glat profil.
lochlea-our-barley-whisky-46-70-cl,Lochlea 'Our Barley' whisky 46% / 70 CL,Lochlea 'Vores Byg' whisky 46% / 70 CL,whisky,"Lowland, whisky",545.00,https://cdn.shopify.com/s/files/1/0594/5098/2590/products/lo7.jpg?v=1668787551,"Malty, Sweet, Hints of Vanilla",46.0,Lochlea 'Our Barley' is a smooth and flavorful whisky with a malty character.,Lochlea 'Our Barley' er en glat og velsmagende whisky med en malty karakter.
lochlea-sowing-edition-second-release-2022-whisky-48-70-cl,Lochlea 'Sowing Edition' Second Release 2022 Whisky 48% / 70 CL,Lochlea 'Sowing Edition' Anden Udgivelse 2022 Whisky 48% / 70 CL,whisky,"Last Bottle, Lowland, whisky",895.00,https://cdn.shopify.com/s/files/1/0594/5098/2590/products/lochlea-sowing-edition-second-release-2022-whisky-48-70-cl-whisky-by-rauff-fagerberg-960227.jpg?v=1679100945,"Malty, Fruity, Spicy",48.0,Lochlea 'Sowing Edition' is a vibrant whisky with a rich character and complex flavors.,Lochlea 'Sowing Edition' er en livlig whisky med en rig karakter og komplekse smagsnuancer.
lochlea-harvest-edition-first-crop,Lochlea Harvest Edition First Crop 46% 70 cl,Lochlea Harvest Edition Første Høst 46% 70 cl,whisky,"Last Bottle, Lowland, whisky",545.00,https://cdn.shopify.com/s/files/1/0594/5098/2590/products/lochlea-harvest-edition-first-crop-46-70-cl-whisky-by-rauff-fagerberg-240317.jpg?v=1679100944,Fruity and malty with hints of spice,46.0,Lochlea Harvest Edition First Crop is a rich and complex whisky with a delightful balance of fruit and spice.,Lochlea Harvest Edition First Crop er en rig og kompleks whisky med en dejlig balance mellem frugt og krydderi.
lochlea-fallow-edition-2022-46-70-cl,Lochlea Fallow Edition 2022 46% / 70 CL,Lochlea Fallow Edition 2022 46% / 70 CL,whisky,"Lowland, whisky",545.00,https://cdn.shopify.com/s/files/1/0594/5098/2590/products/loch_lea_fallow-removebg-preview.png?v=1679306980,Smooth and malty with hints of caramel and spice,46.0,Lochlea Fallow Edition 2022 is a smooth whisky with a rich flavor profile.,Lochlea Fallow Edition 2022 er en glat whisky med en rig smagsprofil.
la-maison-du-rhum-el-salvador-2011-40-batch-2,"Salvador Aged Rum, Maison Du Rhum Batch 3. 40%","Salvador Modnet Rom, Maison Du Rhum Batch 3. 40%",rom,rom,575.00,https://cdn.shopify.com/s/files/1/0594/5098/2590/products/ro6_0d60cec0-4695-44aa-9b51-120112aed280.jpg?v=1666372928,"Sweet, Spicy, Woody",40.0,Salvador Rhum Vieux is a rich and flavorful aged rum with notes of sweetness and spice.,Salvador Rhum Vieux er en rig og smagfuld lagret rom med noter af sødme og krydderi.
guatemala-12-la-maison-du-rhum-0-7-ltr-55-batch-2,"Guatemala 12, The House of Rum, 0.7 liters, 55% Batch 2","Guatemala 12, Rumhusets, 0,7 liter, 55% Batch 2",rom,rom,550.00,https://cdn.shopify.com/s/files/1/0594/5098/2590/products/ro4_55d0ead0-ba73-4602-a380-8b9799fa6947.jpg?v=1666372339,Sweet with hints of caramel and vanilla,55.0,A rich and complex rum from Guatemala with a smooth finish.,En rig og kompleks rom fra Guatemala med en blød eftersmag.
la-maison-du-rhum-guatemala-soler-15-45-0-7-l,The House of Rum Guatemala Soler 15 45% 0.7 l,"Rummets Hus Guatemala Soler 15 45% 0,7 l",rom,"Last Bottle, rom",550.00,https://cdn.shopify.com/s/files/1/0594/5098/2590/products/ro1_8433b0cc-4d38-446d-8712-0bb79703c8d1.jpg?v=1666371863,"Rich and complex with notes of caramel, vanilla, and tropical fruits.",45.0,"La Maison Du Rhum Guatemala Soler 15 is a rich and flavorful rum aged for 15 years, perfect for sipping or mixing.","La Maison Du Rhum Guatemala Soler 15 er en rig og velsmagende rom, der er lagret i 15 år, perfekt til at nippe til eller blande."
s-b-s-trinidad-1998-62-9-abv-70-cl,S.B.S Trinidad 1998 62.9% ABV - 70 cl,"S.B.S Trinidad 1998 62,9% ABV - 70 cl",,"Last Bottle, rom",3695.00,https://cdn.shopify.com/s/files/1/0594/5098/2590/products/custom_resized_039b3781-1377-438c-9536-66fd96aa6aef-removebg-preview_1.png?v=1679306948,Fruity and spicy with hints of oak and vanilla,62.9,"A bold and flavorful rum from Trinidad, aged for 25 years.","En fyldig og smagfuld rom fra Trinidad, lagret i 25 år."
dailuaine-13-year-old-first-fill-oloroso-sherry-partly-matured-hogshead-cask-strength-53-9,"Dailuaine 13 Year Old 53.9% Old, First Fill Oloroso Sherry Finish Cask Strength","Dailuaine 13 År 53,9% Gamle, Første Fyld Oloroso Sherry Finish Cask Strength",,"Red Cask, sherry, Speyside, whisky",895.00,https://cdn.shopify.com/s/files/1/0594/5098/2590/products/da1.jpg?v=1665326864,"Rich and Sherried with hints of dried fruits, nuts, and spice.",53.9,A robust 13-year-old single malt with a rich Oloroso sherry finish.,En kraftfuld 13-årig single malt med en rig Oloroso sherry finish.
inchgower-14-year-old-first-fill-oloroso-sherry-partly-matured-hogshead-cask-strength-57-1,"Inchgower 14 Years 57.1%, First Fill Oloroso Sherry Partly Matured Hogshead Cask Strength","Inchgower 14 År 57,1%, First Fill Oloroso Sherry Delvist Modnet Hogshead Cask Strength",whisky,"Last Bottle, Red Cask, sherry, Speyside, whisky",899.00,https://cdn.shopify.com/s/files/1/0594/5098/2590/products/in1.jpg?v=1665326886,"Rich and fruity with notes of dried fruits, nuts, and spice, typically associated with Oloroso Sherry cask maturation.",57.1,"Inchgower 14 years is a robust whisky matured in First Fill Oloroso Sherry casks, offering deep flavors and high alcohol content.","Inchgower 14 år er en robust whisky, der er modnet i førsteklasses Oloroso Sherry-fade, som tilbyder dybe smagsnuancer og høj alkoholprocent."
benrinnes-12-year-old-1st-fill-oloroso-sherry-hogshead-partly-matured-54-0-cask-strength,"Benrinnes 12 Years 54.0%, 1st Fill Oloroso Sherry Finish Cask Strength","Benrinnes 12 År 54,0%, 1st Fill Oloroso Sherry Finish Cask Strength",whisky,"Last Bottle, Red Cask, sherry, Speyside, whisky",875.00,https://cdn.shopify.com/s/files/1/0594/5098/2590/products/benrinnes-12-ar-540-1st-fill-oloroso-sherry-finish-cask-strength-whisky-by-rauff-fagerberg-474184.jpg?v=1679100929,"Rich sherry, dried fruits, spice",54.0,Benrinnes 12 years is a robust whisky with rich sherry influence.,Benrinnes 12 år er en kraftfuld whisky med rig sherryindflydelse.
mannochmore-12-year-old-1st-fill-sherry-partly-matured-hogshead-55-0-cask-strength,"Mannochmore 12 Years 55.0%, 1st Fill Oloroso Sherry Finish Cask Strength","Mannochmore 12 år 55,0%, 1st fill Oloroso sherry finish cask strength",whisky,"Last Bottle, Red Cask, sherry, Speyside, whisky",890.00,https://cdn.shopify.com/s/files/1/0594/5098/2590/products/ma1_8af51551-7597-4afb-a98d-fce2af665034.jpg?v=1665326894,Rich and fruity with notes of dried fruits and spices.,55.0,Mannochmore 12 Year Old showcases a cask strength expression with Oloroso sherry finish.,Mannochmore 12 år viser en cask strength udgave med Oloroso sherry finish.
port-charlotte-2011-10-ar-62-3-bruichladdich,Port Charlotte 2011 10 Years 62.3% Bruichladdich,"Port Charlotte 2011 10 År 62,3 % Bruichladdich",whisky,"Islay, whisky",1398.00,https://cdn.shopify.com/s/files/1/0594/5098/2590/products/pc1.jpg?v=1665326895,"Smoky, Peaty, Spicy",62.3,"A bold and complex Islay whisky with smoky and peaty flavors, aged for 10 years.","En kraftfuld og kompleks Islay whisky med røgede og torvede smagsnuancer, lagret i 10 år."
glen-grant-1997-23-ar-53-2-rom-cask-fazzino-artwork,Glen Grant 1997 23 Years 53.2% Rum Cask Fazzino Artwork,"Glen Grant 1997 23 År 53,2% Romfad Fazzino Kunstværk",whisky,"Speyside, whisky",1698.00,https://cdn.shopify.com/s/files/1/0594/5098/2590/products/gg1.jpg?v=1665326886,Fruity and oak notes with a hint of spice,53.2,A limited edition whisky aged for 23 years in rum casks with a distinctive Fazzino artwork.,"En limited edition whisky, der er lagret i 23 år i romfad med et karakteristisk Fazzino-kunstværk."
inchgower-12-ar-58-4-cask-nr-806929-cask-strength,Inchgower 12 Year Old 58.4% Cask No. 806929 Cask Strength,"Inchgower 12 år 58,4% fad nr. 806929 cask strength",whisky,"Speyside, whisky",600.00,https://cdn.shopify.com/s/files/1/0594/5098/2590/products/wh4.jpg?v=1679307258,Rich and fruity with a hint of spice,58.4,Inchgower 12 Year Old is a robust cask strength whisky with complex flavor notes.,Inchgower 12 år er en kraftfuld cask strength whisky med komplekse smagsnoter.
bristol-spirits-fine-cuban-rum-er-destilleret-pa-kolonne-still-pa-distilleria-de-sancti-spiritus-12-ar-43,Bristol Spirits Fine Cuban Rum is distilled in a column still at Distilleria De Sancti Spiritus 12 years 43%,Bristol Spirits Fine Cuban Rum er destilleret på kolonne still på Distilleria De Sancti Spiritus 12 år 43%,,"Last Bottle, rom",868.00,https://cdn.shopify.com/s/files/1/0594/5098/2590/products/bristol-spirits-fine-cuban-rum-er-destilleret-pa-kolonne-still-pa-distilleria-de-sancti-spiritus-12-ar-43-by-rauff-fagerberg-737389.jpg?v=1679307242,Sweet and fruity with notes of vanilla and caramel.,43.0,Bristol Spirits Fine Cuban Rum is a 12-year-old rum with a rich and complex flavor profile.,Bristol Spirits Fine Cuban Rum er en 12-årig rom med en rig og kompleks smagsprofil.
bladnoch-1990-29-ar-coconut-raspberry-snowball-46-70-cl,Bladnoch 1990 29 Year 'Coconut Raspberry Snowball' – 46% 70 cl.,Bladnoch 1990 29 År 'Kokos Hindbær Snemand' – 46% 70 cl.,whisky,"Lowland, whisky",2250.00,https://cdn.shopify.com/s/files/1/0594/5098/2590/products/bladnoch-1990-29-ar-coconut-raspberry-snowball-46-70-cl-whisky-by-rauff-fagerberg-452770.jpg?v=1679307256,Coconut and raspberry with a creamy finish,46.0,"A rich and complex whisky aged for 29 years, featuring coconut and raspberry notes.","En rig og kompleks whisky, der har været lagret i 29 år, med noter af kokosnød og hindbær."
darboussier-carafe-rhum-vieux-ltr-42,Darboussier Carafe Aged Rum 1 Ltr. 42 %,Darboussier Carafe Gammel Rom 1 Ltr. 42 %,rom,"Last Bottle, rom",1395.00,https://cdn.shopify.com/s/files/1/0594/5098/2590/products/ro9.jpg?v=1679307262,Sweet and Spicy,42.0,A rich and aromatic old rum with a sweet and spicy profile.,En rig og aromatisk gammel rom med en sød og krydret profil.
benrinnes-12-year-old-american-oak-hogshead-55-2-cask-strength,"Benrinnes 12 Year Old, American Oak Hogshead – 55.2% Cask Strength","Benrinnes 12 år gammel, Amerikansk eg Hogshead – 55,2% fadstyrke",whisky,"Speyside, whisky",615.00,https://cdn.shopify.com/s/files/1/0594/5098/2590/products/benrinnes-12-year-old-american-oak-hogshead-552-cask-strength-whisky-by-rauff-fagerberg-859777.jpg?v=1679307229,Fruity with a hint of vanilla and spice,55.2,"Benrinnes 12 Year Old is a robust cask strength whisky matured in American Oak, offering bold flavors.","Benrinnes 12 år gammel er en kraftig cask strength whisky, der er modne i amerikansk eg, og tilbyder intense smagsnoter."
benrinnes-11-year-old-1st-fill-sherry-hogshead-cask-no-311559,"Benrinnes 11 Year Old 55.3% Old, 1st Fill Sherry Finish Hogshead Cask No. 311599","Benrinnes 11 år 55,3% Old, 1. fylding Sherry Finish Hogshead tønde nr. 311599",,"Red Cask, sherry, Speyside, whisky",938.00,https://cdn.shopify.com/s/files/1/0594/5098/2590/products/benrinnes-11-ar-553-old-1st-fill-sherry-finish-hogshead-cask-no-311559-by-rauff-fagerberg-905612.jpg?v=1679307185,"Rich and fruity with notes of dried fruits, spices, and a hint of oak.",55.3,"A robust 11-year-old whisky with a sherry finish, offering deep, complex flavors.","En kraftfuld 11-årig whisky med sherry finish, der tilbyder dybe, komplekse smagsnuancer."
caol-ila-11-year-old-1st-fill-sherry-finish-59-7-cask-strength,"Caol Ila 11 Years 59.7%, 1st Fill Sherry Finish Cask Strength","Caol Ila 11 År 59,7%, 1st Fill Sherry Finish Cask Strength",whisky,"Islay, Red Cask, sherry, whisky",925.00,https://cdn.shopify.com/s/files/1/0594/5098/2590/products/caol11red.jpg?v=1679307193,Rich and smoky with notes of dried fruits and spices,59.7,"Caol Ila 11 Year Old offers a bold, cask strength experience with sherry finish.","Caol Ila 11 år tilbyder en kraftfuld, fadstyrkeoplevelse med sherryafslutning."
caol-ila-11-year-old-american-oak-hogshead-51-0,"Caol Ila 11 Year Old, American Oak Hogshead – 51.0%","Caol Ila 11 år gammel, amerikansk eg hogshead – 51.0%",whisky,"Islay, whisky",600.00,https://cdn.shopify.com/s/files/1/0594/5098/2590/products/caol_ila_11_year_old-removebg-preview.jpg?v=1679307178,"Smoky, Peaty, Rich",51.0,Caol Ila 11 Year Old is a rich and smoky whisky aged in American oak hogsheads.,"Caol Ila 11 år gammel er en rig og røget whisky, der er lagret i amerikanske egetrædsfade."
tormore-12-ar-52-1,Tormore 12 Years 52.1%,"Tormore 12 år 52,1%",whisky,"Speyside, whisky",575.00,https://cdn.shopify.com/s/files/1/0594/5098/2590/products/tor1.jpg?v=1679307231,Fruity and malty with hints of vanilla and oak,52.1,Tormore 12 years is a rich and flavorful whisky with a robust character.,Tormore 12 år er en rig og smagfuld whisky med en fyldig karakter.
lingdarroch-new-make-63-5,Lingdarroch New Make 63.5%,"Lingdarroch Ny Produktion 63,5%",whisky,"Lowland, whisky",225.00,https://cdn.shopify.com/s/files/1/0594/5098/2590/products/new1.jpg?v=1679307254,Sweet and malty with hints of citrus,63.5,Lingdarroch New Make is a robust and flavorful spirit at 63.5% ABV.,"Lingdarroch New Make er en robust og smagfuld spiritus med en alkoholstyrke på 63,5%."
royal-brackla-14-ar-58-5-cask-no-310832,Royal Brackla 14 Year 58.5% Cask No. 310832,"Royal Brackla 14 År 58,5% Fade Nr. 310832",whisky,"Highland, whisky",578.00,https://cdn.shopify.com/s/files/1/0594/5098/2590/products/roy22.jpg?v=1679307227,"Fruity, Spicy, Oak",58.5,Royal Brackla 14 years old is a rich and complex whisky with fruity and spicy notes.,Royal Brackla 14 år gammel er en rig og kompleks whisky med frugtige og krydrede noter.
caol-ila-2008-13-year-old-cask-strength-single-cask-55-0,"Caol Ila 2008 13 Year Old, Cask Strength Single Cask 55.0% ABV","Caol Ila 2008 13 År Gammel, Cask Strength Single Cask 55.0% ABV",whisky,"Islay, whisky",575.00,https://cdn.shopify.com/s/files/1/0594/5098/2590/products/caolila.PNG13.jpg?v=1679307244,Peaty and smoky with hints of citrus and vanilla,55.0,A robust and complex single cask whisky with a bold cask strength.,En robust og kompleks single cask whisky med en stærk fadstyrke.
benrinnes-12-year-old-cask-strength-single-cask-55-6,"Benrinnes 12 Year Old, Cask Strength Single Cask 55.6%","Benrinnes 12 År Gammel, Cask Strength Single Cask 55,6%",whisky,"Speyside, whisky",575.00,https://cdn.shopify.com/s/files/1/0594/5098/2590/products/benrinnes-12-year-old-cask-strength-single-cask-556-whisky-by-rauff-fagerberg-548873.jpg?v=1679307225,Rich and complex with notes of dried fruit and spice,55.6,Benrinnes 12 Year Old is a cask strength single cask whisky with rich flavors.,Benrinnes 12 år gammel er en fadstyrke single cask whisky med rige smagsnuancer.
